sku_id,avg_weekly_demand,std_weekly_demand,avg_lead_time,std_lead_time,safety_stock,reorder_point,SKU_segment,segment_multiplier,adjusted_safety_stock,adjusted_reorder_point
SKU0001,30.73756906077348,6.840499621474639,10.0,0.0,37.87006928127789,345.2457598890127,AX,1.2,45.44408313753347,352.81977374526826
SKU0002,31.84254143646409,8.14039291725582,6.0,0.0,34.90834579752161,225.96359441630614,BX,1.0,34.90834579752161,225.96359441630614
SKU0003,25.69889502762431,7.416792274286762,5.0,0.0,29.03416859107038,157.5286437291919,CX,0.8,23.227334872856304,151.72181001097783
SKU0004,28.80110497237569,7.2114251376039435,5.0,0.0,28.23022750050131,172.23575236237977,BX,1.0,28.23022750050131,172.23575236237977
SKU0005,34.751381215469614,7.132234250217711,5.0,0.0,27.920222650666215,201.67712872801428,AX,1.2,33.50426718079946,207.26117325814755
SKU0006,28.013812154696133,6.361878095849105,7.0,0.0,29.467455712789697,225.56414079566264,AX,1.2,35.360946855347635,231.45763193822057
SKU0007,33.28176795580111,6.623901083480555,10.0,0.0,36.670946104030904,369.488625662042,AX,1.2,44.005135324837084,376.8228148828482
SKU0008,26.701657458563535,6.745836718650617,5.0,0.0,26.40761037034301,159.91589766316068,CX,0.8,21.12608829627441,154.6343755890921
SKU0009,24.168508287292816,7.060231763963059,5.0,0.0,27.638357897335933,148.4808993338,CX,0.8,22.110686317868748,142.95322775433283
SKU0010,30.58011049723757,5.8702916054880045,3.0,0.0,17.800351530694407,109.54068302240711,AX,1.2,21.360421836833286,113.10075332854599
SKU0011,23.34806629834254,6.247025585061447,10.0,0.0,34.58450475832244,268.06516774174787,CX,0.8,27.66760380665795,261.14826679008337
SKU0012,24.834254143646408,5.988459642357176,13.0,0.0,37.80028547122991,360.6455893386332,AX,1.2,45.3603425654759,368.2056464328792
SKU0013,37.35635359116022,6.310311305485166,7.0,0.0,29.228604529474577,290.72307966759615,AX,1.2,35.07432543536949,296.56880057349105
SKU0014,27.248618784530386,5.7917756929103295,13.0,0.0,36.558779327627796,390.79082352652284,AX,1.2,43.87053519315335,398.10257939204837
SKU0015,26.864640883977902,6.753754963230856,6.0,0.0,28.962043489132665,190.1498887930001,AX,1.2,34.7544521869592,195.9422974908266
SKU0016,29.34806629834254,7.663660995343418,5.0,0.0,30.00057398601049,176.7409054777232,CX,0.8,24.000459188808392,170.74079068052112
SKU0017,27.383977900552487,5.732646237640768,13.0,0.0,36.185543066146046,392.1772557733284,BX,1.0,36.185543066146046,392.1772557733284
SKU0018,37.469613259668506,6.326781169032236,3.0,0.0,19.18455443700047,131.593394216006,AX,1.2,23.021465324400566,135.43030510340608
SKU0019,29.734806629834253,7.226172313610759,13.0,0.0,45.612961033710306,432.16544722155555,CX,0.8,36.49036882696824,423.0428550148135
SKU0020,31.016574585635357,5.340458795402423,3.0,0.0,16.193751568402593,109.24347532530867,AX,1.2,19.432501882083113,112.48222563898919
SKU0021,29.06353591160221,6.9763229712749,5.0,0.0,27.309884085061686,172.62756364307273,BX,1.0,27.309884085061686,172.62756364307273
SKU0022,27.124309392265193,5.77304033193034,13.0,0.0,36.440518199433676,389.05654029888115,BX,1.0,36.440518199433676,389.05654029888115
SKU0023,30.444751381215468,7.217130096896165,3.0,0.0,21.88433921194051,113.21859335558692,AX,1.2,26.26120705432861,117.59546119797501
SKU0024,34.248618784530386,5.956821623041271,11.0,0.0,34.58750336242304,411.32230999225726,BX,1.0,34.58750336242304,411.32230999225726
SKU0025,23.069060773480665,5.506801003046606,10.0,0.0,30.486506402090697,261.17711413689733,AX,1.2,36.583807682508834,267.2744154173155
SKU0026,26.066298342541437,6.418120305372555,10.0,0.0,35.53171172716747,296.19469515258186,CX,0.8,28.425369381733976,289.08835280714834
SKU0027,27.42817679558011,5.7188594538964965,3.0,0.0,17.341167266516074,99.6256976532564,AX,1.2,20.809400719819287,103.09393110655961
SKU0028,29.671270718232044,5.576931417165878,10.0,0.0,30.874759276644465,327.5874664589649,AX,1.2,37.04971113197335,333.7624183142938
SKU0029,23.226519337016576,6.038524845627397,6.0,0.0,25.89493106300173,165.25404708510118,AX,1.2,31.073917275602078,170.4330332977015
SKU0030,31.027624309392266,7.926554088279555,5.0,0.0,31.029709237404564,186.1678307843659,AX,1.2,37.235651084885475,192.3737726318468
SKU0031,27.113259668508288,6.921474142375789,6.0,0.0,29.681271561042674,192.3608295720924,AX,1.2,35.61752587325121,198.29708388430095
SKU0032,33.5,6.300969454495238,5.0,0.0,24.66610937227473,192.16610937227472,BX,1.0,24.66610937227473,192.16610937227472
SKU0033,27.671270718232044,7.019537675953192,10.0,0.0,38.86125178288972,315.5739589652102,BX,1.0,38.86125178288972,315.5739589652102
SKU0034,37.58011049723757,5.860846373124202,11.0,0.0,34.03023566342466,447.41145113303793,AX,1.2,40.83628279610959,454.21749826572284
SKU0035,29.685082872928177,8.33111503305194,13.0,0.0,52.58756764687158,438.4936449949379,AX,1.2,63.10508117624589,449.01115852431224
SKU0036,26.795580110497237,7.245759659417425,3.0,0.0,21.971151982292838,102.35789231378455,BX,1.0,21.971151982292838,102.35789231378455
SKU0037,30.433701657458563,6.666347627592533,5.0,0.0,26.09643815659063,178.26494644388345,BX,1.0,26.09643815659063,178.26494644388345
SKU0038,35.57734806629834,7.470780431841489,5.0,0.0,29.245513497385147,207.13225382887686,AX,1.2,35.09461619686218,212.98135652835387
SKU0039,33.9585635359116,7.218853902834387,11.0,0.0,41.91532824675203,415.45952714177963,AX,1.2,50.29839389610244,423.84259279113
SKU0040,29.640883977900554,5.666472058310146,5.0,0.0,22.182272197098523,170.38669208660127,AX,1.2,26.61872663651823,174.823146526021
