sku_id,date,actual_demand,forecast_demand
SKU0040,2024-10-20,32,34.41
SKU0001,2024-10-20,32,27.17
SKU0016,2024-10-20,32,28.57
SKU0030,2024-10-20,38,37.21
SKU0012,2024-10-20,29,26.5
SKU0007,2024-10-20,38,36.04
SKU0008,2024-10-20,27,26.66
SKU0033,2024-10-20,21,22.9
SKU0014,2024-10-20,31,29.62
SKU0032,2024-10-20,35,34.4
SKU0023,2024-10-20,29,29.56
SKU0029,2024-10-20,24,25.58
SKU0036,2024-10-20,23,24.57
SKU0035,2024-10-20,27,26.7
SKU0018,2024-10-20,36,36.34
SKU0037,2024-10-20,28,29.84
SKU0029,2024-10-21,34,32.3
SKU0016,2024-10-21,32,28.76
SKU0025,2024-10-21,29,28.25
SKU0001,2024-10-21,34,29.11
SKU0020,2024-10-21,41,39.03
SKU0011,2024-10-21,36,34.26
SKU0038,2024-10-21,49,45.4
SKU0033,2024-10-21,42,40.3
SKU0037,2024-10-21,49,44.52
SKU0006,2024-10-21,43,41.39
SKU0015,2024-10-21,26,27.7
SKU0005,2024-10-21,49,45.42
SKU0030,2024-10-21,34,31.18
SKU0003,2024-10-21,37,34.04
SKU0007,2024-10-21,47,44.23
SKU0039,2024-10-21,50,48.35
SKU0028,2024-10-21,45,43.09
SKU0022,2024-10-21,41,39.69
SKU0035,2024-10-21,46,42.25
SKU0018,2024-10-21,41,39.77
SKU0024,2024-10-21,48,44.53
SKU0040,2024-10-21,45,42.38
SKU0031,2024-10-21,30,29.54
SKU0009,2024-10-21,32,31.08
SKU0017,2024-10-21,37,35.18
SKU0004,2024-10-21,41,38.62
SKU0036,2024-10-21,46,42.7
SKU0013,2024-10-21,52,49.2
SKU0019,2024-10-21,49,46.87
SKU0002,2024-10-21,43,39.02
SKU0012,2024-10-21,39,36.45
SKU0026,2024-10-21,38,35.59
SKU0014,2024-10-21,42,40.53
SKU0023,2024-10-21,46,43.51
SKU0027,2024-10-21,36,34.46
SKU0021,2024-10-21,41,39.73
SKU0008,2024-10-21,37,35.68
SKU0034,2024-10-21,51,46.33
SKU0010,2024-10-21,44,40.79
SKU0032,2024-10-21,49,44.24
SKU0017,2024-10-22,32,30.03
SKU0031,2024-10-22,24,26.21
SKU0027,2024-10-22,29,29.95
SKU0036,2024-10-22,19,21.89
SKU0033,2024-10-22,27,25.34
SKU0037,2024-10-22,28,27.7
SKU0001,2024-10-22,29,31.09
SKU0038,2024-10-22,34,36.49
SKU0032,2024-10-22,30,30.49
SKU0013,2024-10-22,33,32.48
SKU0010,2024-10-22,39,40.97
SKU0035,2024-10-22,29,27.36
SKU0002,2024-10-22,28,28.73
SKU0005,2024-10-22,30,30.45
SKU0028,2024-10-22,29,28.03
SKU0011,2024-10-22,25,25.51
SKU0039,2024-10-22,31,31.75
SKU0025,2024-10-22,22,24.22
SKU0026,2024-10-22,24,23.73
SKU0034,2024-10-22,34,34.15
SKU0021,2024-10-22,27,26.95
SKU0020,2024-10-22,28,29.35
SKU0019,2024-10-22,23,21.6
SKU0040,2024-10-22,28,27.65
SKU0024,2024-10-22,32,32.06
SKU0012,2024-10-22,25,24.84
SKU0008,2024-10-22,21,22.98
SKU0004,2024-10-22,39,39.35
SKU0009,2024-10-22,24,24.3
SKU0023,2024-10-22,40,42.31
SKU0006,2024-10-22,24,24.92
SKU0015,2024-10-22,25,26.37
SKU0030,2024-10-22,26,28.38
SKU0022,2024-10-22,21,22.68
SKU0029,2024-10-22,20,22.82
SKU0016,2024-10-22,28,30.46
SKU0007,2024-10-22,32,31.13
SKU0018,2024-10-22,33,32.99
SKU0003,2024-10-22,27,25.55
SKU0014,2024-10-22,24,24.53
SKU0009,2024-10-23,23,26.18
SKU0019,2024-10-23,33,28.06
SKU0035,2024-10-23,41,42.03
SKU0036,2024-10-23,26,24.14
SKU0013,2024-10-23,38,34.45
SKU0018,2024-10-23,38,37.71
SKU0039,2024-10-23,38,37.03
SKU0010,2024-10-23,35,35.47
SKU0021,2024-10-23,28,26.66
SKU0001,2024-10-23,45,42.57
SKU0040,2024-10-23,43,47.4
SKU0024,2024-10-23,34,34.18
SKU0033,2024-10-23,44,41.78
SKU0038,2024-10-23,47,45.29
SKU0014,2024-10-23,27,27.85
SKU0030,2024-10-23,31,32.85
SKU0006,2024-10-23,43,41.74
SKU0028,2024-10-23,29,28.55
SKU0003,2024-10-23,28,29.32
SKU0007,2024-10-23,32,33.83
SKU0029,2024-10-23,29,31.29
SKU0017,2024-10-23,39,37.09
SKU0005,2024-10-23,45,45.25
SKU0015,2024-10-23,31,29.54
SKU0008,2024-10-23,39,37.62
SKU0011,2024-10-23,23,26.16
SKU0037,2024-10-23,45,46.8
SKU0023,2024-10-23,28,31.19
SKU0032,2024-10-23,34,32.38
SKU0012,2024-10-23,29,32.62
SKU0027,2024-10-23,27,29.11
SKU0016,2024-10-23,44,40.15
SKU0004,2024-10-23,41,38.97
SKU0025,2024-10-23,27,28.19
SKU0002,2024-10-23,31,31.33
SKU0034,2024-10-23,44,43.81
SKU0020,2024-10-23,34,34.31
SKU0026,2024-10-23,29,31.61
SKU0031,2024-10-23,28,28.44
SKU0022,2024-10-23,39,39.34
SKU0003,2024-10-24,26,27.49
SKU0011,2024-10-24,20,23.6
SKU0012,2024-10-24,26,27.29
SKU0014,2024-10-24,29,27.8
SKU0028,2024-10-24,30,29.12
SKU0030,2024-10-24,33,30.72
SKU0001,2024-10-24,40,42.58
SKU0031,2024-10-24,26,27.25
SKU0022,2024-10-24,23,24.84
SKU0015,2024-10-24,26,26.75
SKU0018,2024-10-24,35,34.91
SKU0023,2024-10-24,27,29.15
SKU0024,2024-10-24,33,32.59
SKU0019,2024-10-24,28,24.67
SKU0004,2024-10-24,28,30.8
SKU0040,2024-10-24,28,30.02
SKU0039,2024-10-24,27,29.5
SKU0009,2024-10-24,21,21.39
SKU0020,2024-10-24,29,31.06
SKU0021,2024-10-24,26,26.17
SKU0034,2024-10-24,40,38.8
SKU0008,2024-10-24,23,24.02
SKU0006,2024-10-24,26,26.61
SKU0025,2024-10-24,18,21.2
SKU0026,2024-10-24,29,28.23
SKU0007,2024-10-24,28,29.3
SKU0033,2024-10-24,29,30.24
SKU0035,2024-10-24,26,27.52
SKU0037,2024-10-24,28,26.36
SKU0010,2024-10-24,30,31.08
SKU0032,2024-10-24,29,29.25
SKU0027,2024-10-24,23,24.99
SKU0017,2024-10-24,33,37.3
SKU0002,2024-10-24,26,25.87
SKU0005,2024-10-24,31,29.92
SKU0016,2024-10-24,25,25.53
SKU0038,2024-10-24,32,31.99
SKU0036,2024-10-24,23,22.14
SKU0029,2024-10-24,22,25.22
SKU0013,2024-10-24,38,34.3
SKU0031,2024-10-25,27,26.76
SKU0036,2024-10-25,27,21.05
SKU0033,2024-10-25,29,26.04
SKU0023,2024-10-25,31,28.76
SKU0024,2024-10-25,33,33.13
SKU0035,2024-10-25,29,28.32
SKU0019,2024-10-25,28,25.75
SKU0009,2024-10-25,27,25.16
SKU0020,2024-10-25,35,30.94
SKU0013,2024-10-25,37,36.52
SKU0017,2024-10-25,29,31.55
SKU0021,2024-10-25,31,28.35
SKU0018,2024-10-25,36,35.72
SKU0002,2024-10-25,29,27.47
SKU0034,2024-10-25,46,44.79
SKU0039,2024-10-25,34,31.25
SKU0032,2024-10-25,38,33.28
SKU0004,2024-10-25,30,29.78
SKU0040,2024-10-25,28,27.32
SKU0016,2024-10-25,33,26.84
SKU0015,2024-10-25,34,27.91
SKU0012,2024-10-25,22,25.7
SKU0005,2024-10-25,34,32.87
SKU0001,2024-10-25,30,29.77
SKU0030,2024-10-25,31,28.79
SKU0028,2024-10-25,32,30.18
SKU0038,2024-10-25,34,33.26
SKU0029,2024-10-25,23,21.39
SKU0026,2024-10-25,29,28.33
SKU0025,2024-10-25,21,21.25
SKU0007,2024-10-25,33,31.91
SKU0014,2024-10-25,33,28.94
SKU0003,2024-10-25,28,28.08
SKU0006,2024-10-25,27,26.57
SKU0010,2024-10-25,41,40.96
SKU0011,2024-10-25,18,19.58
SKU0008,2024-10-25,28,24.12
SKU0022,2024-10-25,25,22.36
SKU0037,2024-10-25,30,27.35
SKU0027,2024-10-25,33,28.89
SKU0016,2024-10-26,34,28.4
SKU0012,2024-10-26,24,24.77
SKU0018,2024-10-26,38,35.62
SKU0033,2024-10-26,27,27.06
SKU0037,2024-10-26,32,28.86
SKU0032,2024-10-26,38,36.1
SKU0009,2024-10-26,37,35.7
SKU0030,2024-10-26,32,32.82
SKU0020,2024-10-26,33,33.01
SKU0019,2024-10-26,34,30.51
SKU0035,2024-10-26,29,27.8
SKU0004,2024-10-26,30,28.48
SKU0029,2024-10-26,34,33.29
SKU0023,2024-10-26,31,30.16
SKU0014,2024-10-26,31,29.75
SKU0034,2024-10-26,37,36.91
SKU0001,2024-10-26,34,33.18
SKU0002,2024-10-26,34,30.43
SKU0011,2024-10-26,25,22.77
SKU0027,2024-10-26,27,28.13
SKU0022,2024-10-26,27,24.07
SKU0006,2024-10-26,32,29.61
SKU0010,2024-10-26,36,33.94
SKU0008,2024-10-26,29,27.82
SKU0038,2024-10-26,34,33.15
SKU0024,2024-10-26,37,35.37
SKU0005,2024-10-26,33,32.63
SKU0007,2024-10-26,32,31.6
SKU0025,2024-10-26,25,23.34
SKU0003,2024-10-26,26,26.51
SKU0028,2024-10-26,29,29.92
SKU0017,2024-10-26,31,31.85
SKU0039,2024-10-26,44,42.21
SKU0013,2024-10-26,38,37.17
SKU0040,2024-10-26,31,28.89
SKU0026,2024-10-26,29,29.19
SKU0036,2024-10-26,29,26.02
SKU0031,2024-10-26,22,25.34
SKU0021,2024-10-26,31,29.25
SKU0015,2024-10-26,30,30.3
SKU0008,2024-10-27,30,28.13
SKU0020,2024-10-27,40,36.96
SKU0005,2024-10-27,43,37.52
SKU0016,2024-10-27,36,29.05
SKU0035,2024-10-27,34,29.08
SKU0010,2024-10-27,36,33.28
SKU0029,2024-10-27,38,36.41
SKU0037,2024-10-27,41,31.18
SKU0027,2024-10-27,40,38.71
SKU0007,2024-10-27,42,33.11
SKU0033,2024-10-27,39,37.93
SKU0038,2024-10-27,39,35.62
SKU0017,2024-10-27,36,32.6
SKU0013,2024-10-27,44,38.64
SKU0032,2024-10-27,48,46.48
SKU0031,2024-10-27,32,29.21
SKU0002,2024-10-27,39,29.53
SKU0040,2024-10-27,37,30.98
SKU0026,2024-10-27,42,38.08
SKU0036,2024-10-27,29,27.28
SKU0015,2024-10-27,35,30.45
SKU0023,2024-10-27,38,30.71
SKU0019,2024-10-27,37,29.98
SKU0004,2024-10-27,36,30.13
SKU0024,2024-10-27,40,37.86
SKU0012,2024-10-27,31,26.3
SKU0022,2024-10-27,36,27.66
SKU0006,2024-10-27,33,29.43
SKU0034,2024-10-27,42,41.24
SKU0011,2024-10-27,33,23.69
SKU0039,2024-10-27,38,33.97
SKU0003,2024-10-27,26,25.85
SKU0025,2024-10-27,32,24.66
SKU0009,2024-10-27,34,28.89
SKU0014,2024-10-27,32,32.05
SKU0018,2024-10-27,40,39.35
SKU0021,2024-10-27,35,30.89
SKU0030,2024-10-27,41,36.25
SKU0028,2024-10-27,34,32.22
SKU0001,2024-10-27,37,34.73
SKU0021,2024-10-28,30,30.23
SKU0023,2024-10-28,32,32.34
SKU0017,2024-10-28,26,27.48
SKU0016,2024-10-28,28,30.79
SKU0015,2024-10-28,27,30.65
SKU0034,2024-10-28,41,40.1
SKU0040,2024-10-28,29,29.34
SKU0007,2024-10-28,30,31.27
SKU0003,2024-10-28,22,24.37
SKU0002,2024-10-28,33,32.29
SKU0018,2024-10-28,36,36.2
SKU0038,2024-10-28,39,35.78
SKU0022,2024-10-28,30,27.11
SKU0035,2024-10-28,32,30.36
SKU0013,2024-10-28,35,35.63
SKU0011,2024-10-28,18,20.04
SKU0004,2024-10-28,30,29.79
SKU0009,2024-10-28,25,26.05
SKU0019,2024-10-28,33,30.92
SKU0008,2024-10-28,26,28.63
SKU0005,2024-10-28,33,33.82
SKU0027,2024-10-28,36,34.18
SKU0024,2024-10-28,43,41.49
SKU0014,2024-10-28,27,28.93
SKU0036,2024-10-28,24,26.33
SKU0026,2024-10-28,24,23.74
SKU0012,2024-10-28,27,25.3
SKU0025,2024-10-28,28,29.12
SKU0039,2024-10-28,35,35.39
SKU0033,2024-10-28,24,25.04
SKU0031,2024-10-28,29,28.49
SKU0010,2024-10-28,28,30.31
SKU0032,2024-10-28,31,33.14
SKU0037,2024-10-28,30,30.51
SKU0006,2024-10-28,27,27.86
SKU0029,2024-10-28,24,24.66
SKU0030,2024-10-28,30,31.21
SKU0028,2024-10-28,29,29.48
SKU0001,2024-10-28,30,31.35
SKU0020,2024-10-28,30,32.04
SKU0038,2024-10-29,34,34.16
SKU0004,2024-10-29,30,29.63
SKU0035,2024-10-29,34,31.99
SKU0013,2024-10-29,36,35.29
SKU0010,2024-10-29,30,30.85
SKU0017,2024-10-29,27,28.91
SKU0001,2024-10-29,29,31.31
SKU0037,2024-10-29,29,29.14
SKU0023,2024-10-29,28,29.45
SKU0008,2024-10-29,27,28.39
SKU0006,2024-10-29,29,29.9
SKU0005,2024-10-29,36,35.28
SKU0039,2024-10-29,30,31.42
SKU0031,2024-10-29,27,26.96
SKU0015,2024-10-29,23,24.98
SKU0002,2024-10-29,32,30.79
SKU0025,2024-10-29,25,27.24
SKU0027,2024-10-29,27,28.57
SKU0003,2024-10-29,24,24.04
SKU0021,2024-10-29,29,29.41
SKU0028,2024-10-29,32,30.0
SKU0014,2024-10-29,24,26.8
SKU0012,2024-10-29,24,24.51
SKU0033,2024-10-29,24,23.93
SKU0040,2024-10-29,28,29.21
SKU0036,2024-10-29,26,26.03
SKU0024,2024-10-29,37,39.59
SKU0026,2024-10-29,23,23.22
SKU0018,2024-10-29,39,37.7
SKU0007,2024-10-29,36,34.97
SKU0016,2024-10-29,30,30.02
SKU0020,2024-10-29,32,31.99
SKU0034,2024-10-29,39,38.87
SKU0029,2024-10-29,22,24.09
SKU0022,2024-10-29,36,34.74
SKU0032,2024-10-29,35,33.78
SKU0011,2024-10-29,26,24.32
SKU0019,2024-10-29,29,30.41
SKU0009,2024-10-29,21,23.42
SKU0030,2024-10-29,32,32.18
SKU0010,2024-10-30,30,29.54
SKU0031,2024-10-30,28,28.63
SKU0038,2024-10-30,43,42.54
SKU0017,2024-10-30,25,24.7
SKU0020,2024-10-30,35,37.58
SKU0016,2024-10-30,27,28.99
SKU0032,2024-10-30,32,31.95
SKU0013,2024-10-30,34,34.33
SKU0036,2024-10-30,25,26.74
SKU0012,2024-10-30,20,23.46
SKU0025,2024-10-30,26,28.92
SKU0027,2024-10-30,26,27.71
SKU0026,2024-10-30,26,23.98
SKU0002,2024-10-30,31,30.8
SKU0007,2024-10-30,32,32.57
SKU0015,2024-10-30,27,27.42
SKU0005,2024-10-30,38,36.5
SKU0034,2024-10-30,37,36.92
SKU0022,2024-10-30,26,27.78
SKU0008,2024-10-30,28,28.46
SKU0011,2024-10-30,25,25.12
SKU0023,2024-10-30,46,46.38
SKU0037,2024-10-30,28,27.28
SKU0040,2024-10-30,30,29.8
SKU0004,2024-10-30,39,37.86
SKU0024,2024-10-30,39,37.8
SKU0003,2024-10-30,24,23.86
SKU0014,2024-10-30,24,27.14
SKU0035,2024-10-30,29,31.37
SKU0033,2024-10-30,24,24.41
SKU0028,2024-10-30,31,30.59
SKU0009,2024-10-30,24,24.05
SKU0039,2024-10-30,33,32.66
SKU0030,2024-10-30,27,29.4
SKU0019,2024-10-30,28,28.86
SKU0021,2024-10-30,31,30.45
SKU0001,2024-10-30,28,29.2
SKU0029,2024-10-30,23,24.25
SKU0006,2024-10-30,26,28.53
SKU0018,2024-10-30,33,33.46
SKU0015,2024-10-31,32,28.36
SKU0039,2024-10-31,46,41.85
SKU0008,2024-10-31,30,28.54
SKU0037,2024-10-31,35,29.79
SKU0035,2024-10-31,27,29.41
SKU0002,2024-10-31,37,30.96
SKU0009,2024-10-31,29,26.08
SKU0014,2024-10-31,32,27.85
SKU0021,2024-10-31,36,32.03
SKU0036,2024-10-31,29,26.43
SKU0005,2024-10-31,51,44.91
SKU0028,2024-10-31,32,30.86
SKU0011,2024-10-31,29,24.03
SKU0032,2024-10-31,35,32.5
SKU0029,2024-10-31,22,22.52
SKU0020,2024-10-31,36,33.89
SKU0018,2024-10-31,40,39.31
SKU0016,2024-10-31,33,28.7
SKU0030,2024-10-31,33,30.88
SKU0007,2024-10-31,39,33.41
SKU0040,2024-10-31,29,28.65
SKU0012,2024-10-31,31,25.99
SKU0033,2024-10-31,27,24.57
SKU0024,2024-10-31,37,35.89
SKU0026,2024-10-31,36,32.86
SKU0034,2024-10-31,39,38.31
SKU0004,2024-10-31,31,29.64
SKU0003,2024-10-31,30,25.49
SKU0019,2024-10-31,29,29.3
SKU0022,2024-10-31,31,30.39
SKU0023,2024-10-31,44,43.92
SKU0001,2024-10-31,37,30.73
SKU0031,2024-10-31,29,28.43
SKU0027,2024-10-31,33,31.68
SKU0010,2024-10-31,32,29.83
SKU0017,2024-10-31,27,26.14
SKU0025,2024-10-31,27,27.84
SKU0013,2024-10-31,45,42.48
SKU0006,2024-10-31,31,27.56
SKU0038,2024-10-31,38,35.24
SKU0038,2024-11-01,35,35.53
SKU0013,2024-11-01,39,37.39
SKU0031,2024-11-01,33,29.82
SKU0036,2024-11-01,30,29.62
SKU0028,2024-11-01,42,39.12
SKU0006,2024-11-01,41,39.43
SKU0011,2024-11-01,28,26.89
SKU0019,2024-11-01,32,29.88
SKU0029,2024-11-01,31,29.76
SKU0022,2024-11-01,32,32.58
SKU0004,2024-11-01,31,30.1
SKU0034,2024-11-01,48,43.14
SKU0024,2024-11-01,47,43.6
SKU0026,2024-11-01,28,27.41
SKU0020,2024-11-01,29,31.3
SKU0001,2024-11-01,43,39.61
SKU0014,2024-11-01,31,28.53
SKU0033,2024-11-01,33,27.98
SKU0012,2024-11-01,23,24.8
SKU0040,2024-11-01,43,42.02
SKU0017,2024-11-01,38,36.92
SKU0018,2024-11-01,41,40.41
SKU0007,2024-11-01,45,42.92
SKU0030,2024-11-01,34,33.21
SKU0016,2024-11-01,41,38.82
SKU0010,2024-11-01,31,31.43
SKU0027,2024-11-01,28,28.26
SKU0032,2024-11-01,39,37.32
SKU0025,2024-11-01,34,32.32
SKU0008,2024-11-01,23,26.43
SKU0037,2024-11-01,32,30.36
SKU0002,2024-11-01,51,47.03
SKU0015,2024-11-01,38,36.82
SKU0035,2024-11-01,43,41.31
SKU0023,2024-11-01,34,33.12
SKU0003,2024-11-01,31,27.73
SKU0005,2024-11-01,36,36.04
SKU0009,2024-11-01,25,26.06
SKU0039,2024-11-01,35,35.29
SKU0021,2024-11-01,43,39.36
SKU0018,2024-11-02,37,36.7
SKU0037,2024-11-02,30,29.19
SKU0026,2024-11-02,30,27.61
SKU0005,2024-11-02,37,36.02
SKU0030,2024-11-02,33,31.69
SKU0002,2024-11-02,38,31.55
SKU0038,2024-11-02,51,46.98
SKU0015,2024-11-02,30,29.08
SKU0012,2024-11-02,27,22.99
SKU0040,2024-11-02,34,30.88
SKU0017,2024-11-02,28,27.7
SKU0022,2024-11-02,26,28.44
SKU0025,2024-11-02,30,30.48
SKU0031,2024-11-02,27,29.15
SKU0016,2024-11-02,29,28.91
SKU0007,2024-11-02,37,35.81
SKU0033,2024-11-02,29,27.33
SKU0021,2024-11-02,33,31.13
SKU0020,2024-11-02,38,37.61
SKU0001,2024-11-02,34,31.64
SKU0023,2024-11-02,32,33.56
SKU0036,2024-11-02,25,26.3
SKU0009,2024-11-02,24,24.44
SKU0006,2024-11-02,31,28.37
SKU0014,2024-11-02,40,38.43
SKU0024,2024-11-02,35,35.47
SKU0029,2024-11-02,28,26.7
SKU0011,2024-11-02,25,26.27
SKU0032,2024-11-02,36,34.5
SKU0028,2024-11-02,27,28.48
SKU0008,2024-11-02,31,26.99
SKU0034,2024-11-02,49,44.05
SKU0003,2024-11-02,26,26.22
SKU0039,2024-11-02,44,44.04
SKU0004,2024-11-02,34,30.98
SKU0010,2024-11-02,42,40.27
SKU0035,2024-11-02,26,25.72
SKU0027,2024-11-02,33,30.68
SKU0019,2024-11-02,32,30.05
SKU0013,2024-11-02,38,37.77
SKU0031,2024-11-03,33,30.92
SKU0029,2024-11-03,27,26.62
SKU0028,2024-11-03,34,30.95
SKU0016,2024-11-03,29,29.83
SKU0038,2024-11-03,34,33.92
SKU0027,2024-11-03,30,30.86
SKU0035,2024-11-03,42,39.42
SKU0022,2024-11-03,33,31.47
SKU0006,2024-11-03,32,31.5
SKU0009,2024-11-03,27,27.14
SKU0039,2024-11-03,34,35.5
SKU0011,2024-11-03,26,27.49
SKU0021,2024-11-03,31,32.7
SKU0010,2024-11-03,42,40.1
SKU0020,2024-11-03,40,39.39
SKU0019,2024-11-03,34,30.79
SKU0026,2024-11-03,26,28.06
SKU0005,2024-11-03,37,36.37
SKU0018,2024-11-03,41,40.53
SKU0002,2024-11-03,36,34.93
SKU0012,2024-11-03,31,28.29
SKU0017,2024-11-03,32,29.33
SKU0030,2024-11-03,33,33.12
SKU0008,2024-11-03,28,27.6
SKU0034,2024-11-03,38,38.01
SKU0024,2024-11-03,35,35.49
SKU0036,2024-11-03,40,37.79
SKU0014,2024-11-03,32,32.99
SKU0032,2024-11-03,35,36.04
SKU0015,2024-11-03,34,33.47
SKU0023,2024-11-03,36,35.35
SKU0001,2024-11-03,34,33.96
SKU0040,2024-11-03,31,30.98
SKU0013,2024-11-03,40,39.15
SKU0004,2024-11-03,29,30.42
SKU0025,2024-11-03,27,29.75
SKU0003,2024-11-03,32,30.43
SKU0037,2024-11-03,32,30.84
SKU0007,2024-11-03,36,35.72
SKU0033,2024-11-03,30,29.67
SKU0021,2024-11-04,34,32.3
SKU0035,2024-11-04,33,33.48
SKU0003,2024-11-04,45,40.71
SKU0025,2024-11-04,25,28.7
SKU0032,2024-11-04,34,33.99
SKU0013,2024-11-04,35,36.1
SKU0031,2024-11-04,44,42.99
SKU0006,2024-11-04,40,41.74
SKU0008,2024-11-04,30,27.31
SKU0001,2024-11-04,44,41.92
SKU0012,2024-11-04,39,38.35
SKU0028,2024-11-04,30,31.78
SKU0018,2024-11-04,42,37.42
SKU0037,2024-11-04,46,44.25
SKU0038,2024-11-04,39,36.42
SKU0034,2024-11-04,47,44.79
SKU0010,2024-11-04,37,35.43
SKU0005,2024-11-04,34,34.28
SKU0039,2024-11-04,36,36.16
SKU0040,2024-11-04,39,42.82
SKU0022,2024-11-04,31,30.45
SKU0002,2024-11-04,36,32.09
SKU0011,2024-11-04,30,30.04
SKU0029,2024-11-04,29,29.05
SKU0004,2024-11-04,34,30.53
SKU0033,2024-11-04,36,32.9
SKU0030,2024-11-04,45,42.33
SKU0027,2024-11-04,34,32.37
SKU0036,2024-11-04,40,39.05
SKU0019,2024-11-04,42,37.46
SKU0017,2024-11-04,40,39.54
SKU0016,2024-11-04,48,46.37
SKU0026,2024-11-04,29,28.09
SKU0020,2024-11-04,34,33.94
SKU0014,2024-11-04,31,33.47
SKU0009,2024-11-04,42,40.96
SKU0015,2024-11-04,26,30.91
SKU0024,2024-11-04,52,45.81
SKU0007,2024-11-04,46,45.45
SKU0023,2024-11-04,34,35.08
SKU0013,2024-11-05,39,36.97
SKU0007,2024-11-05,36,35.62
SKU0010,2024-11-05,31,31.97
SKU0004,2024-11-05,34,30.74
SKU0008,2024-11-05,28,28.9
SKU0025,2024-11-05,24,27.44
SKU0012,2024-11-05,36,34.65
SKU0031,2024-11-05,28,27.46
SKU0026,2024-11-05,27,28.81
SKU0015,2024-11-05,26,26.93
SKU0027,2024-11-05,28,29.64
SKU0001,2024-11-05,36,33.56
SKU0022,2024-11-05,25,26.48
SKU0032,2024-11-05,35,34.49
SKU0029,2024-11-05,26,26.65
SKU0033,2024-11-05,32,30.71
SKU0030,2024-11-05,31,33.32
SKU0036,2024-11-05,26,25.48
SKU0019,2024-11-05,29,30.5
SKU0016,2024-11-05,42,45.02
SKU0024,2024-11-05,37,33.63
SKU0014,2024-11-05,24,26.37
SKU0009,2024-11-05,21,21.27
SKU0023,2024-11-05,28,30.77
SKU0020,2024-11-05,28,29.36
SKU0039,2024-11-05,31,32.92
SKU0017,2024-11-05,26,27.04
SKU0040,2024-11-05,34,33.4
SKU0021,2024-11-05,30,31.26
SKU0035,2024-11-05,33,29.46
SKU0005,2024-11-05,34,34.44
SKU0006,2024-11-05,32,35.02
SKU0002,2024-11-05,33,32.44
SKU0028,2024-11-05,30,28.89
SKU0018,2024-11-05,41,40.67
SKU0037,2024-11-05,33,31.08
SKU0038,2024-11-05,36,34.23
SKU0011,2024-11-05,27,27.54
SKU0034,2024-11-05,37,36.91
SKU0003,2024-11-05,36,37.32
SKU0005,2024-11-06,35,35.44
SKU0018,2024-11-06,34,35.1
SKU0036,2024-11-06,28,26.84
SKU0023,2024-11-06,30,30.95
SKU0038,2024-11-06,33,34.28
SKU0040,2024-11-06,34,32.4
SKU0029,2024-11-06,22,24.61
SKU0033,2024-11-06,27,29.4
SKU0030,2024-11-06,28,29.28
SKU0019,2024-11-06,31,31.93
SKU0024,2024-11-06,35,33.88
SKU0014,2024-11-06,26,26.21
SKU0009,2024-11-06,20,21.33
SKU0039,2024-11-06,35,33.85
SKU0003,2024-11-06,26,27.96
SKU0021,2024-11-06,35,33.45
SKU0035,2024-11-06,27,28.9
SKU0001,2024-11-06,43,41.36
SKU0006,2024-11-06,27,29.32
SKU0028,2024-11-06,41,38.06
SKU0037,2024-11-06,28,28.97
SKU0017,2024-11-06,34,31.01
SKU0010,2024-11-06,31,30.87
SKU0008,2024-11-06,31,29.22
SKU0031,2024-11-06,25,25.5
SKU0027,2024-11-06,26,27.26
SKU0025,2024-11-06,28,27.43
SKU0002,2024-11-06,34,33.63
SKU0011,2024-11-06,22,24.27
SKU0013,2024-11-06,39,38.27
SKU0016,2024-11-06,30,27.27
SKU0012,2024-11-06,32,32.89
SKU0020,2024-11-06,32,31.14
SKU0026,2024-11-06,26,26.62
SKU0034,2024-11-06,44,42.76
SKU0007,2024-11-06,32,33.56
SKU0022,2024-11-06,29,29.03
SKU0015,2024-11-06,26,27.49
SKU0004,2024-11-06,31,29.7
SKU0032,2024-11-06,36,33.86
SKU0035,2024-11-07,45,41.6
SKU0028,2024-11-07,45,46.57
SKU0005,2024-11-07,56,48.72
SKU0026,2024-11-07,39,37.12
SKU0024,2024-11-07,49,48.8
SKU0016,2024-11-07,50,49.75
SKU0012,2024-11-07,38,40.57
SKU0025,2024-11-07,35,32.84
SKU0034,2024-11-07,42,41.13
SKU0003,2024-11-07,45,46.39
SKU0018,2024-11-07,44,42.33
SKU0001,2024-11-07,48,46.55
SKU0014,2024-11-07,39,37.67
SKU0008,2024-11-07,47,45.22
SKU0009,2024-11-07,44,41.84
SKU0020,2024-11-07,42,41.02
SKU0010,2024-11-07,43,40.42
SKU0002,2024-11-07,49,45.77
SKU0039,2024-11-07,55,49.08
SKU0038,2024-11-07,53,47.91
SKU0004,2024-11-07,34,30.82
SKU0027,2024-11-07,41,40.17
SKU0036,2024-11-07,42,43.01
SKU0022,2024-11-07,33,30.75
SKU0013,2024-11-07,51,43.71
SKU0029,2024-11-07,30,28.23
SKU0015,2024-11-07,42,39.38
SKU0011,2024-11-07,36,33.85
SKU0032,2024-11-07,49,43.95
SKU0031,2024-11-07,28,27.59
SKU0007,2024-11-07,46,43.07
SKU0021,2024-11-07,39,36.32
SKU0019,2024-11-07,54,48.4
SKU0040,2024-11-07,47,44.13
SKU0033,2024-11-07,43,42.43
SKU0037,2024-11-07,31,29.79
SKU0017,2024-11-07,39,39.62
SKU0023,2024-11-07,45,41.87
SKU0006,2024-11-07,43,43.69
SKU0030,2024-11-07,57,49.38
SKU0025,2024-11-08,36,35.03
SKU0039,2024-11-08,48,44.95
SKU0035,2024-11-08,27,26.85
SKU0027,2024-11-08,30,28.69
SKU0021,2024-11-08,28,28.7
SKU0013,2024-11-08,37,37.88
SKU0020,2024-11-08,34,32.26
SKU0006,2024-11-08,28,27.65
SKU0003,2024-11-08,27,26.78
SKU0031,2024-11-08,31,28.74
SKU0026,2024-11-08,24,24.3
SKU0004,2024-11-08,41,37.35
SKU0001,2024-11-08,33,34.17
SKU0015,2024-11-08,35,28.87
SKU0040,2024-11-08,35,42.2
SKU0008,2024-11-08,24,24.08
SKU0030,2024-11-08,33,28.66
SKU0032,2024-11-08,34,33.88
SKU0019,2024-11-08,26,25.51
SKU0033,2024-11-08,28,26.85
SKU0023,2024-11-08,30,28.9
SKU0018,2024-11-08,38,37.17
SKU0011,2024-11-08,27,27.37
SKU0038,2024-11-08,34,32.96
SKU0007,2024-11-08,31,31.99
SKU0037,2024-11-08,32,30.54
SKU0024,2024-11-08,34,33.47
SKU0017,2024-11-08,27,27.66
SKU0028,2024-11-08,31,30.87
SKU0005,2024-11-08,39,32.1
SKU0029,2024-11-08,28,28.36
SKU0016,2024-11-08,31,28.6
SKU0012,2024-11-08,28,31.12
SKU0014,2024-11-08,27,26.63
SKU0009,2024-11-08,22,22.68
SKU0002,2024-11-08,34,31.19
SKU0010,2024-11-08,33,31.19
SKU0022,2024-11-08,32,29.81
SKU0034,2024-11-08,39,38.77
SKU0036,2024-11-08,30,27.71
SKU0013,2024-11-09,42,39.57
SKU0014,2024-11-09,31,28.45
SKU0022,2024-11-09,33,32.03
SKU0017,2024-11-09,37,33.85
SKU0035,2024-11-09,49,48.05
SKU0004,2024-11-09,28,30.06
SKU0008,2024-11-09,30,28.38
SKU0037,2024-11-09,36,30.55
SKU0028,2024-11-09,32,32.59
SKU0040,2024-11-09,31,32.41
SKU0038,2024-11-09,39,34.97
SKU0010,2024-11-09,36,32.93
SKU0006,2024-11-09,33,29.43
SKU0012,2024-11-09,30,31.22
SKU0025,2024-11-09,28,30.06
SKU0005,2024-11-09,39,33.26
SKU0007,2024-11-09,36,35.01
SKU0024,2024-11-09,39,37.07
SKU0034,2024-11-09,42,41.24
SKU0032,2024-11-09,36,34.57
SKU0018,2024-11-09,43,41.82
SKU0033,2024-11-09,32,27.71
SKU0016,2024-11-09,34,27.64
SKU0036,2024-11-09,27,26.47
SKU0002,2024-11-09,35,33.6
SKU0009,2024-11-09,23,23.02
SKU0030,2024-11-09,32,28.45
SKU0029,2024-11-09,29,26.31
SKU0011,2024-11-09,28,26.79
SKU0039,2024-11-09,48,47.61
SKU0021,2024-11-09,29,30.07
SKU0015,2024-11-09,27,27.63
SKU0031,2024-11-09,35,30.3
SKU0019,2024-11-09,32,26.82
SKU0020,2024-11-09,41,41.04
SKU0001,2024-11-09,37,35.69
SKU0026,2024-11-09,33,34.56
SKU0003,2024-11-09,31,27.0
SKU0027,2024-11-09,28,27.67
SKU0023,2024-11-09,34,31.54
SKU0014,2024-11-10,25,26.96
SKU0019,2024-11-10,29,25.19
SKU0013,2024-11-10,36,37.98
SKU0032,2024-11-10,44,47.01
SKU0022,2024-11-10,33,33.45
SKU0029,2024-11-10,23,27.33
SKU0038,2024-11-10,35,33.42
SKU0008,2024-11-10,25,25.01
SKU0030,2024-11-10,25,24.9
SKU0037,2024-11-10,29,30.54
SKU0021,2024-11-10,29,29.0
SKU0024,2024-11-10,36,35.68
SKU0016,2024-11-10,32,28.44
SKU0009,2024-11-10,23,23.69
SKU0028,2024-11-10,32,31.34
SKU0039,2024-11-10,36,37.98
SKU0012,2024-11-10,26,27.41
SKU0003,2024-11-10,27,26.0
SKU0020,2024-11-10,30,33.11
SKU0006,2024-11-10,26,26.66
SKU0001,2024-11-10,29,29.96
SKU0035,2024-11-10,28,27.4
SKU0036,2024-11-10,27,26.08
SKU0033,2024-11-10,40,40.75
SKU0005,2024-11-10,36,33.06
SKU0002,2024-11-10,31,30.54
SKU0027,2024-11-10,31,30.49
SKU0023,2024-11-10,30,30.64
SKU0034,2024-11-10,40,39.33
SKU0004,2024-11-10,28,29.71
SKU0018,2024-11-10,40,39.74
SKU0011,2024-11-10,25,26.07
SKU0026,2024-11-10,24,24.62
SKU0017,2024-11-10,28,30.71
SKU0010,2024-11-10,34,33.56
SKU0015,2024-11-10,37,40.02
SKU0031,2024-11-10,24,26.65
SKU0007,2024-11-10,30,30.43
SKU0025,2024-11-10,29,34.41
SKU0040,2024-11-10,30,30.98
SKU0024,2024-11-11,32,32.85
SKU0034,2024-11-11,32,32.77
SKU0012,2024-11-11,26,26.66
SKU0010,2024-11-11,30,31.53
SKU0007,2024-11-11,32,31.23
SKU0005,2024-11-11,27,29.62
SKU0009,2024-11-11,21,21.64
SKU0027,2024-11-11,23,26.66
SKU0006,2024-11-11,26,26.33
SKU0002,2024-11-11,28,29.6
SKU0038,2024-11-11,33,33.8
SKU0039,2024-11-11,33,33.28
SKU0015,2024-11-11,26,28.69
SKU0026,2024-11-11,22,22.44
SKU0035,2024-11-11,43,46.62
SKU0021,2024-11-11,31,28.72
SKU0003,2024-11-11,22,26.76
SKU0025,2024-11-11,24,27.16
SKU0031,2024-11-11,26,27.52
SKU0016,2024-11-11,28,29.69
SKU0004,2024-11-11,26,26.08
SKU0037,2024-11-11,36,30.68
SKU0020,2024-11-11,29,29.64
SKU0008,2024-11-11,28,26.68
SKU0036,2024-11-11,25,26.71
SKU0013,2024-11-11,36,36.99
SKU0022,2024-11-11,28,29.25
SKU0001,2024-11-11,28,29.92
SKU0017,2024-11-11,23,24.48
SKU0018,2024-11-11,34,34.73
SKU0014,2024-11-11,27,27.26
SKU0011,2024-11-11,26,27.17
SKU0032,2024-11-11,33,33.59
SKU0023,2024-11-11,27,28.97
SKU0019,2024-11-11,27,27.03
SKU0040,2024-11-11,30,31.81
SKU0028,2024-11-11,29,30.06
SKU0030,2024-11-11,27,27.66
SKU0029,2024-11-11,26,27.23
SKU0033,2024-11-11,24,25.02
SKU0005,2024-11-12,50,46.15
SKU0011,2024-11-12,28,27.84
SKU0025,2024-11-12,24,25.61
SKU0029,2024-11-12,23,24.92
SKU0012,2024-11-12,23,25.6
SKU0019,2024-11-12,29,29.79
SKU0036,2024-11-12,25,26.43
SKU0030,2024-11-12,40,38.8
SKU0009,2024-11-12,21,21.6
SKU0004,2024-11-12,23,25.86
SKU0026,2024-11-12,21,23.59
SKU0016,2024-11-12,26,27.8
SKU0001,2024-11-12,29,28.96
SKU0003,2024-11-12,26,26.32
SKU0002,2024-11-12,30,29.95
SKU0018,2024-11-12,39,39.0
SKU0034,2024-11-12,38,37.81
SKU0024,2024-11-12,36,35.78
SKU0032,2024-11-12,32,33.48
SKU0023,2024-11-12,27,28.5
SKU0007,2024-11-12,32,32.25
SKU0039,2024-11-12,34,33.55
SKU0033,2024-11-12,35,36.8
SKU0035,2024-11-12,23,25.33
SKU0017,2024-11-12,32,35.13
SKU0013,2024-11-12,31,32.66
SKU0008,2024-11-12,23,25.67
SKU0038,2024-11-12,32,33.03
SKU0022,2024-11-12,27,28.67
SKU0014,2024-11-12,23,24.59
SKU0028,2024-11-12,29,29.86
SKU0010,2024-11-12,29,31.18
SKU0015,2024-11-12,22,23.12
SKU0021,2024-11-12,38,35.95
SKU0006,2024-11-12,23,24.53
SKU0027,2024-11-12,24,25.22
SKU0020,2024-11-12,32,30.77
SKU0031,2024-11-12,24,24.39
SKU0040,2024-11-12,41,39.88
SKU0037,2024-11-12,29,31.23
SKU0036,2024-11-13,22,23.94
SKU0010,2024-11-13,33,31.27
SKU0024,2024-11-13,43,41.65
SKU0013,2024-11-13,36,36.09
SKU0037,2024-11-13,27,27.74
SKU0025,2024-11-13,19,21.84
SKU0008,2024-11-13,23,25.03
SKU0004,2024-11-13,31,27.39
SKU0030,2024-11-13,40,39.48
SKU0028,2024-11-13,24,26.85
SKU0023,2024-11-13,30,28.54
SKU0022,2024-11-13,29,32.13
SKU0001,2024-11-13,35,29.62
SKU0032,2024-11-13,27,28.64
SKU0012,2024-11-13,25,26.1
SKU0014,2024-11-13,28,26.41
SKU0040,2024-11-13,26,26.35
SKU0033,2024-11-13,28,27.09
SKU0031,2024-11-13,27,25.54
SKU0017,2024-11-13,30,27.37
SKU0002,2024-11-13,28,29.0
SKU0005,2024-11-13,28,27.87
SKU0020,2024-11-13,33,30.54
SKU0019,2024-11-13,30,28.9
SKU0007,2024-11-13,29,29.74
SKU0035,2024-11-13,29,27.1
SKU0021,2024-11-13,28,27.68
SKU0038,2024-11-13,31,32.38
SKU0018,2024-11-13,45,43.38
SKU0009,2024-11-13,24,22.11
SKU0015,2024-11-13,23,22.75
SKU0039,2024-11-13,35,34.15
SKU0026,2024-11-13,23,22.64
SKU0027,2024-11-13,28,27.47
SKU0011,2024-11-13,23,24.01
SKU0003,2024-11-13,37,34.04
SKU0016,2024-11-13,23,25.71
SKU0034,2024-11-13,40,39.44
SKU0006,2024-11-13,28,26.63
SKU0029,2024-11-13,19,21.93
SKU0017,2024-11-14,45,42.81
SKU0035,2024-11-14,36,31.76
SKU0029,2024-11-14,43,41.74
SKU0011,2024-11-14,42,40.82
SKU0033,2024-11-14,46,43.78
SKU0019,2024-11-14,50,46.87
SKU0014,2024-11-14,37,35.09
SKU0001,2024-11-14,50,46.73
SKU0039,2024-11-14,55,46.28
SKU0026,2024-11-14,41,38.49
SKU0013,2024-11-14,57,49.88
SKU0031,2024-11-14,44,41.14
SKU0040,2024-11-14,43,42.01
SKU0024,2024-11-14,53,49.03
SKU0005,2024-11-14,52,45.99
SKU0038,2024-11-14,55,49.33
SKU0007,2024-11-14,52,48.67
SKU0025,2024-11-14,40,37.19
SKU0021,2024-11-14,54,48.11
SKU0009,2024-11-14,44,42.17
SKU0015,2024-11-14,51,47.06
SKU0006,2024-11-14,46,44.31
SKU0016,2024-11-14,49,43.87
SKU0003,2024-11-14,46,41.35
SKU0027,2024-11-14,44,41.78
SKU0002,2024-11-14,51,40.37
SKU0034,2024-11-14,56,50.29
SKU0036,2024-11-14,47,42.81
SKU0020,2024-11-14,36,33.5
SKU0022,2024-11-14,43,40.37
SKU0018,2024-11-14,54,51.31
SKU0012,2024-11-14,35,29.49
SKU0032,2024-11-14,51,44.97
SKU0010,2024-11-14,48,43.25
SKU0028,2024-11-14,41,32.43
SKU0030,2024-11-14,48,44.84
SKU0008,2024-11-14,32,27.81
SKU0023,2024-11-14,53,49.35
SKU0037,2024-11-14,40,32.95
SKU0004,2024-11-14,48,46.11
SKU0035,2024-11-15,25,24.14
SKU0020,2024-11-15,34,33.5
SKU0001,2024-11-15,29,28.27
SKU0040,2024-11-15,24,25.12
SKU0019,2024-11-15,37,45.46
SKU0018,2024-11-15,37,35.87
SKU0013,2024-11-15,34,29.78
SKU0011,2024-11-15,23,23.02
SKU0025,2024-11-15,22,22.75
SKU0037,2024-11-15,28,27.69
SKU0029,2024-11-15,24,24.37
SKU0003,2024-11-15,24,24.19
SKU0028,2024-11-15,26,25.85
SKU0034,2024-11-15,37,35.7
SKU0022,2024-11-15,29,26.44
SKU0024,2024-11-15,31,31.97
SKU0033,2024-11-15,22,24.23
SKU0006,2024-11-15,23,22.8
SKU0030,2024-11-15,33,35.6
SKU0014,2024-11-15,26,25.45
SKU0023,2024-11-15,26,25.69
SKU0015,2024-11-15,28,25.21
SKU0038,2024-11-15,46,48.85
SKU0009,2024-11-15,21,21.14
SKU0016,2024-11-15,29,25.14
SKU0002,2024-11-15,32,27.68
SKU0039,2024-11-15,32,31.65
SKU0010,2024-11-15,34,40.2
SKU0008,2024-11-15,24,24.91
SKU0036,2024-11-15,21,21.25
SKU0032,2024-11-15,30,27.47
SKU0007,2024-11-15,29,26.89
SKU0031,2024-11-15,37,40.69
SKU0026,2024-11-15,26,21.83
SKU0027,2024-11-15,28,26.79
SKU0004,2024-11-15,29,27.15
SKU0017,2024-11-15,25,26.05
SKU0005,2024-11-15,32,29.03
SKU0021,2024-11-15,26,26.7
SKU0012,2024-11-15,22,22.98
SKU0026,2024-11-16,25,23.94
SKU0015,2024-11-16,29,27.44
SKU0040,2024-11-16,34,30.24
SKU0023,2024-11-16,31,27.1
SKU0014,2024-11-16,28,27.5
SKU0004,2024-11-16,28,26.71
SKU0011,2024-11-16,25,24.4
SKU0009,2024-11-16,23,23.39
SKU0005,2024-11-16,36,30.55
SKU0025,2024-11-16,25,25.71
SKU0012,2024-11-16,26,23.95
SKU0001,2024-11-16,30,29.76
SKU0024,2024-11-16,34,32.07
SKU0028,2024-11-16,34,36.55
SKU0032,2024-11-16,35,28.86
SKU0031,2024-11-16,24,25.98
SKU0003,2024-11-16,25,26.02
SKU0016,2024-11-16,28,26.07
SKU0010,2024-11-16,33,32.32
SKU0037,2024-11-16,32,28.07
SKU0013,2024-11-16,45,49.55
SKU0027,2024-11-16,30,28.98
SKU0036,2024-11-16,29,26.63
SKU0006,2024-11-16,25,25.37
SKU0033,2024-11-16,31,26.62
SKU0039,2024-11-16,30,29.89
SKU0008,2024-11-16,34,26.3
SKU0018,2024-11-16,38,37.75
SKU0035,2024-11-16,28,27.26
SKU0017,2024-11-16,28,25.88
SKU0019,2024-11-16,44,46.27
SKU0020,2024-11-16,35,34.42
SKU0030,2024-11-16,32,33.66
SKU0029,2024-11-16,29,34.72
SKU0038,2024-11-16,32,31.18
SKU0002,2024-11-16,32,28.6
SKU0021,2024-11-16,29,27.02
SKU0007,2024-11-16,32,27.7
SKU0034,2024-11-16,35,33.91
SKU0022,2024-11-16,29,28.0
SKU0034,2024-11-17,39,36.12
SKU0010,2024-11-17,31,32.23
SKU0037,2024-11-17,28,28.53
SKU0013,2024-11-17,46,49.34
SKU0028,2024-11-17,32,30.72
SKU0024,2024-11-17,33,30.75
SKU0002,2024-11-17,43,43.49
SKU0003,2024-11-17,24,24.12
SKU0008,2024-11-17,26,27.37
SKU0027,2024-11-17,26,27.26
SKU0035,2024-11-17,30,29.38
SKU0036,2024-11-17,25,25.01
SKU0017,2024-11-17,29,26.44
SKU0032,2024-11-17,31,30.6
SKU0019,2024-11-17,29,29.63
SKU0031,2024-11-17,23,24.48
SKU0012,2024-11-17,24,23.94
SKU0021,2024-11-17,29,26.69
SKU0004,2024-11-17,28,26.9
SKU0026,2024-11-17,24,23.96
SKU0005,2024-11-17,36,33.68
SKU0007,2024-11-17,35,33.33
SKU0011,2024-11-17,24,23.3
SKU0025,2024-11-17,29,29.05
SKU0018,2024-11-17,36,35.4
SKU0029,2024-11-17,23,25.19
SKU0015,2024-11-17,39,44.1
SKU0020,2024-11-17,36,35.46
SKU0009,2024-11-17,26,24.69
SKU0023,2024-11-17,43,44.67
SKU0030,2024-11-17,48,47.66
SKU0040,2024-11-17,29,28.28
SKU0014,2024-11-17,26,26.41
SKU0006,2024-11-17,27,26.37
SKU0022,2024-11-17,32,31.83
SKU0038,2024-11-17,35,33.48
SKU0039,2024-11-17,34,29.9
SKU0001,2024-11-17,31,30.36
SKU0033,2024-11-17,31,27.8
SKU0016,2024-11-17,29,27.25
SKU0016,2024-11-18,25,28.38
SKU0009,2024-11-18,18,20.01
SKU0017,2024-11-18,26,27.54
SKU0011,2024-11-18,20,21.72
SKU0032,2024-11-18,31,30.97
SKU0023,2024-11-18,30,28.87
SKU0007,2024-11-18,31,30.4
SKU0019,2024-11-18,31,30.53
SKU0030,2024-11-18,29,30.46
SKU0031,2024-11-18,26,25.23
SKU0012,2024-11-18,26,24.56
SKU0021,2024-11-18,29,28.33
SKU0008,2024-11-18,24,23.68
SKU0005,2024-11-18,29,29.64
SKU0015,2024-11-18,26,27.17
SKU0004,2024-11-18,36,33.62
SKU0026,2024-11-18,24,24.86
SKU0038,2024-11-18,35,34.22
SKU0018,2024-11-18,39,39.05
SKU0036,2024-11-18,24,22.78
SKU0029,2024-11-18,20,24.39
SKU0039,2024-11-18,34,32.77
SKU0024,2024-11-18,32,32.07
SKU0028,2024-11-18,31,28.85
SKU0033,2024-11-18,39,39.06
SKU0034,2024-11-18,39,38.92
SKU0003,2024-11-18,22,23.51
SKU0001,2024-11-18,26,27.35
SKU0022,2024-11-18,26,28.04
SKU0037,2024-11-18,27,27.32
SKU0014,2024-11-18,35,33.06
SKU0002,2024-11-18,29,29.77
SKU0006,2024-11-18,26,25.31
SKU0010,2024-11-18,28,30.07
SKU0013,2024-11-18,35,34.89
SKU0040,2024-11-18,30,28.0
SKU0035,2024-11-18,29,27.62
SKU0027,2024-11-18,26,27.22
SKU0020,2024-11-18,28,30.79
SKU0025,2024-11-18,20,21.1
SKU0019,2024-11-19,49,47.01
SKU0009,2024-11-19,34,33.16
SKU0027,2024-11-19,35,34.16
SKU0028,2024-11-19,33,32.67
SKU0008,2024-11-19,32,34.53
SKU0030,2024-11-19,31,30.47
SKU0029,2024-11-19,24,25.6
SKU0005,2024-11-19,38,36.42
SKU0031,2024-11-19,39,37.03
SKU0010,2024-11-19,41,40.45
SKU0039,2024-11-19,34,32.55
SKU0006,2024-11-19,28,27.38
SKU0007,2024-11-19,31,31.39
SKU0013,2024-11-19,46,46.41
SKU0015,2024-11-19,28,28.82
SKU0023,2024-11-19,32,34.28
SKU0038,2024-11-19,34,34.3
SKU0011,2024-11-19,37,34.95
SKU0014,2024-11-19,34,31.39
SKU0040,2024-11-19,31,31.31
SKU0001,2024-11-19,29,28.83
SKU0022,2024-11-19,38,36.82
SKU0033,2024-11-19,34,33.38
SKU0024,2024-11-19,48,45.39
SKU0020,2024-11-19,31,31.93
SKU0003,2024-11-19,39,36.88
SKU0018,2024-11-19,42,41.11
SKU0034,2024-11-19,40,38.89
SKU0037,2024-11-19,42,40.98
SKU0017,2024-11-19,29,27.75
SKU0026,2024-11-19,36,33.86
SKU0021,2024-11-19,44,42.66
SKU0004,2024-11-19,31,29.66
SKU0012,2024-11-19,30,27.45
SKU0025,2024-11-19,25,26.06
SKU0032,2024-11-19,39,37.86
SKU0035,2024-11-19,26,27.61
SKU0016,2024-11-19,30,27.86
SKU0002,2024-11-19,33,31.35
SKU0036,2024-11-19,27,26.63
SKU0029,2024-11-20,25,24.94
SKU0019,2024-11-20,32,28.62
SKU0034,2024-11-20,39,38.21
SKU0008,2024-11-20,33,32.12
SKU0021,2024-11-20,29,28.51
SKU0039,2024-11-20,34,33.84
SKU0017,2024-11-20,27,27.61
SKU0030,2024-11-20,31,30.93
SKU0022,2024-11-20,32,33.01
SKU0038,2024-11-20,38,36.24
SKU0018,2024-11-20,47,44.05
SKU0035,2024-11-20,32,29.42
SKU0040,2024-11-20,35,32.34
SKU0020,2024-11-20,33,32.53
SKU0002,2024-11-20,43,41.82
SKU0011,2024-11-20,23,22.2
SKU0013,2024-11-20,34,35.85
SKU0026,2024-11-20,29,29.5
SKU0004,2024-11-20,47,44.8
SKU0005,2024-11-20,44,42.33
SKU0031,2024-11-20,28,26.52
SKU0012,2024-11-20,32,30.45
SKU0032,2024-11-20,35,34.42
SKU0036,2024-11-20,29,27.25
SKU0025,2024-11-20,24,26.38
SKU0027,2024-11-20,29,29.96
SKU0010,2024-11-20,32,32.8
SKU0007,2024-11-20,41,39.18
SKU0016,2024-11-20,42,40.43
SKU0009,2024-11-20,36,35.2
SKU0037,2024-11-20,39,41.04
SKU0024,2024-11-20,45,38.77
SKU0028,2024-11-20,28,31.29
SKU0001,2024-11-20,31,29.89
SKU0033,2024-11-20,26,29.34
SKU0006,2024-11-20,27,26.69
SKU0014,2024-11-20,33,34.82
SKU0023,2024-11-20,37,40.86
SKU0015,2024-11-20,39,42.09
SKU0003,2024-11-20,24,22.15
SKU0037,2024-11-21,32,31.33
SKU0036,2024-11-21,22,25.17
SKU0039,2024-11-21,47,42.48
SKU0038,2024-11-21,46,42.75
SKU0040,2024-11-21,34,32.52
SKU0030,2024-11-21,30,29.9
SKU0003,2024-11-21,28,23.91
SKU0026,2024-11-21,25,23.64
SKU0034,2024-11-21,38,37.79
SKU0015,2024-11-21,41,41.04
SKU0023,2024-11-21,31,31.95
SKU0008,2024-11-21,28,28.15
SKU0014,2024-11-21,32,34.17
SKU0024,2024-11-21,37,35.71
SKU0022,2024-11-21,34,34.98
SKU0029,2024-11-21,23,22.7
SKU0028,2024-11-21,33,31.1
SKU0013,2024-11-21,37,37.54
SKU0002,2024-11-21,35,33.86
SKU0009,2024-11-21,25,22.93
SKU0027,2024-11-21,26,27.33
SKU0010,2024-11-21,31,29.26
SKU0012,2024-11-21,26,26.85
SKU0025,2024-11-21,26,23.06
SKU0035,2024-11-21,31,29.59
SKU0016,2024-11-21,30,25.5
SKU0011,2024-11-21,28,24.75
SKU0020,2024-11-21,33,31.11
SKU0019,2024-11-21,32,28.32
SKU0017,2024-11-21,31,28.62
SKU0032,2024-11-21,36,34.54
SKU0018,2024-11-21,36,37.07
SKU0004,2024-11-21,31,33.3
SKU0006,2024-11-21,33,29.0
SKU0005,2024-11-21,33,33.2
SKU0001,2024-11-21,32,28.94
SKU0021,2024-11-21,30,27.57
SKU0031,2024-11-21,30,27.3
SKU0007,2024-11-21,41,38.95
SKU0033,2024-11-21,29,28.79
SKU0010,2024-11-22,30,30.73
SKU0036,2024-11-22,38,36.37
SKU0026,2024-11-22,29,27.95
SKU0009,2024-11-22,25,26.33
SKU0004,2024-11-22,24,25.78
SKU0007,2024-11-22,32,31.77
SKU0040,2024-11-22,28,30.77
SKU0005,2024-11-22,41,41.38
SKU0028,2024-11-22,26,28.22
SKU0003,2024-11-22,27,25.94
SKU0032,2024-11-22,35,34.66
SKU0029,2024-11-22,21,22.79
SKU0008,2024-11-22,24,27.42
SKU0034,2024-11-22,37,36.77
SKU0006,2024-11-22,24,27.4
SKU0031,2024-11-22,23,25.2
SKU0030,2024-11-22,27,29.18
SKU0039,2024-11-22,32,31.81
SKU0027,2024-11-22,25,27.55
SKU0011,2024-11-22,23,22.63
SKU0002,2024-11-22,28,29.11
SKU0015,2024-11-22,24,25.47
SKU0014,2024-11-22,25,28.41
SKU0024,2024-11-22,33,33.04
SKU0038,2024-11-22,36,34.75
SKU0016,2024-11-22,26,25.36
SKU0035,2024-11-22,25,27.12
SKU0033,2024-11-22,26,28.88
SKU0017,2024-11-22,26,28.67
SKU0013,2024-11-22,36,34.9
SKU0020,2024-11-22,29,30.48
SKU0023,2024-11-22,43,40.88
SKU0019,2024-11-22,44,45.8
SKU0037,2024-11-22,44,43.37
SKU0021,2024-11-22,29,28.32
SKU0012,2024-11-22,28,30.56
SKU0022,2024-11-22,25,27.18
SKU0018,2024-11-22,39,39.01
SKU0025,2024-11-22,24,25.6
SKU0001,2024-11-22,34,30.96
SKU0040,2024-11-23,36,32.68
SKU0031,2024-11-23,33,28.55
SKU0011,2024-11-23,28,26.54
SKU0032,2024-11-23,33,33.98
SKU0020,2024-11-23,37,34.55
SKU0038,2024-11-23,38,36.2
SKU0005,2024-11-23,48,46.14
SKU0019,2024-11-23,31,31.77
SKU0036,2024-11-23,29,28.22
SKU0004,2024-11-23,30,28.25
SKU0017,2024-11-23,36,30.43
SKU0006,2024-11-23,32,29.7
SKU0021,2024-11-23,33,31.33
SKU0015,2024-11-23,32,30.68
SKU0007,2024-11-23,38,37.9
SKU0025,2024-11-23,28,26.17
SKU0026,2024-11-23,29,28.39
SKU0010,2024-11-23,34,32.27
SKU0012,2024-11-23,37,36.46
SKU0027,2024-11-23,34,29.81
SKU0009,2024-11-23,28,27.53
SKU0037,2024-11-23,37,34.87
SKU0039,2024-11-23,48,44.0
SKU0013,2024-11-23,43,39.55
SKU0028,2024-11-23,36,30.55
SKU0024,2024-11-23,34,34.84
SKU0029,2024-11-23,28,25.61
SKU0008,2024-11-23,32,30.38
SKU0014,2024-11-23,29,30.85
SKU0023,2024-11-23,32,33.13
SKU0022,2024-11-23,27,29.15
SKU0030,2024-11-23,34,31.57
SKU0016,2024-11-23,28,25.95
SKU0033,2024-11-23,27,26.43
SKU0018,2024-11-23,42,39.57
SKU0001,2024-11-23,36,33.99
SKU0002,2024-11-23,32,32.17
SKU0003,2024-11-23,26,26.51
SKU0034,2024-11-23,44,41.99
SKU0035,2024-11-23,36,30.93
SKU0001,2024-11-24,35,34.34
SKU0025,2024-11-24,32,30.16
SKU0039,2024-11-24,50,47.37
SKU0016,2024-11-24,44,41.14
SKU0014,2024-11-24,43,42.47
SKU0008,2024-11-24,32,29.92
SKU0011,2024-11-24,36,33.77
SKU0026,2024-11-24,42,40.05
SKU0022,2024-11-24,31,31.5
SKU0009,2024-11-24,37,36.03
SKU0036,2024-11-24,42,40.72
SKU0034,2024-11-24,47,44.63
SKU0017,2024-11-24,37,36.18
SKU0010,2024-11-24,43,40.53
SKU0019,2024-11-24,51,47.83
SKU0018,2024-11-24,52,46.37
SKU0027,2024-11-24,30,29.7
SKU0015,2024-11-24,44,45.25
SKU0028,2024-11-24,40,37.81
SKU0005,2024-11-24,54,51.08
SKU0029,2024-11-24,38,36.3
SKU0023,2024-11-24,44,44.25
SKU0032,2024-11-24,46,42.09
SKU0012,2024-11-24,41,41.35
SKU0024,2024-11-24,46,42.39
SKU0035,2024-11-24,52,47.5
SKU0031,2024-11-24,40,39.66
SKU0033,2024-11-24,29,29.33
SKU0040,2024-11-24,37,36.24
SKU0013,2024-11-24,50,44.38
SKU0006,2024-11-24,38,34.25
SKU0020,2024-11-24,45,42.43
SKU0003,2024-11-24,43,41.49
SKU0038,2024-11-24,54,50.64
SKU0021,2024-11-24,36,34.69
SKU0030,2024-11-24,53,49.28
SKU0037,2024-11-24,45,44.08
SKU0002,2024-11-24,40,33.27
SKU0004,2024-11-24,53,49.91
SKU0007,2024-11-24,50,48.37
SKU0031,2024-11-25,33,28.36
SKU0039,2024-11-25,36,34.03
SKU0032,2024-11-25,39,36.52
SKU0005,2024-11-25,39,35.35
SKU0003,2024-11-25,25,24.58
SKU0028,2024-11-25,34,30.55
SKU0007,2024-11-25,41,37.82
SKU0034,2024-11-25,43,41.13
SKU0006,2024-11-25,32,28.18
SKU0008,2024-11-25,33,28.81
SKU0017,2024-11-25,41,37.25
SKU0015,2024-11-25,34,29.0
SKU0040,2024-11-25,35,32.73
SKU0029,2024-11-25,26,26.26
SKU0022,2024-11-25,32,27.92
SKU0020,2024-11-25,33,32.53
SKU0030,2024-11-25,35,30.55
SKU0001,2024-11-25,34,33.23
SKU0016,2024-11-25,35,27.12
SKU0011,2024-11-25,26,25.55
SKU0014,2024-11-25,33,29.16
SKU0021,2024-11-25,31,30.11
SKU0025,2024-11-25,27,27.27
SKU0002,2024-11-25,36,30.51
SKU0012,2024-11-25,34,35.07
SKU0026,2024-11-25,29,27.97
SKU0004,2024-11-25,31,25.95
SKU0035,2024-11-25,38,41.54
SKU0018,2024-11-25,40,37.69
SKU0038,2024-11-25,34,32.53
SKU0033,2024-11-25,33,28.4
SKU0013,2024-11-25,44,40.38
SKU0024,2024-11-25,38,34.95
SKU0037,2024-11-25,39,32.93
SKU0036,2024-11-25,31,29.68
SKU0009,2024-11-25,31,28.28
SKU0027,2024-11-25,29,27.24
SKU0010,2024-11-25,36,32.7
SKU0019,2024-11-25,36,30.15
SKU0023,2024-11-25,35,34.65
SKU0012,2024-11-26,26,29.09
SKU0028,2024-11-26,29,31.41
SKU0027,2024-11-26,30,29.21
SKU0019,2024-11-26,44,46.56
SKU0038,2024-11-26,38,34.61
SKU0022,2024-11-26,29,28.69
SKU0020,2024-11-26,29,30.09
SKU0003,2024-11-26,40,38.05
SKU0013,2024-11-26,39,38.77
SKU0009,2024-11-26,22,24.53
SKU0031,2024-11-26,27,30.19
SKU0037,2024-11-26,33,32.63
SKU0039,2024-11-26,33,33.77
SKU0007,2024-11-26,36,36.12
SKU0030,2024-11-26,27,28.5
SKU0014,2024-11-26,29,28.92
SKU0001,2024-11-26,35,33.33
SKU0015,2024-11-26,30,30.64
SKU0002,2024-11-26,31,31.85
SKU0035,2024-11-26,26,27.5
SKU0010,2024-11-26,32,31.45
SKU0017,2024-11-26,27,29.75
SKU0011,2024-11-26,25,24.98
SKU0034,2024-11-26,35,35.09
SKU0008,2024-11-26,25,28.17
SKU0023,2024-11-26,43,42.82
SKU0026,2024-11-26,29,28.02
SKU0029,2024-11-26,23,24.64
SKU0025,2024-11-26,26,27.41
SKU0024,2024-11-26,38,36.34
SKU0004,2024-11-26,31,27.33
SKU0036,2024-11-26,24,24.36
SKU0018,2024-11-26,37,37.75
SKU0006,2024-11-26,26,28.21
SKU0016,2024-11-26,31,29.7
SKU0005,2024-11-26,50,47.18
SKU0032,2024-11-26,36,35.88
SKU0040,2024-11-26,30,31.8
SKU0021,2024-11-26,28,28.85
SKU0033,2024-11-26,28,27.82
SKU0030,2024-11-27,33,28.92
SKU0011,2024-11-27,24,23.35
SKU0007,2024-11-27,31,31.34
SKU0009,2024-11-27,21,21.82
SKU0037,2024-11-27,30,30.8
SKU0040,2024-11-27,32,32.49
SKU0038,2024-11-27,34,33.01
SKU0002,2024-11-27,30,30.52
SKU0035,2024-11-27,23,24.94
SKU0023,2024-11-27,30,32.3
SKU0012,2024-11-27,25,25.45
SKU0008,2024-11-27,28,28.37
SKU0015,2024-11-27,23,24.56
SKU0018,2024-11-27,38,37.62
SKU0033,2024-11-27,27,27.49
SKU0039,2024-11-27,32,32.23
SKU0032,2024-11-27,35,34.03
SKU0005,2024-11-27,32,30.99
SKU0022,2024-11-27,26,27.94
SKU0028,2024-11-27,31,30.6
SKU0017,2024-11-27,28,28.91
SKU0010,2024-11-27,29,29.65
SKU0016,2024-11-27,29,28.93
SKU0004,2024-11-27,27,24.91
SKU0024,2024-11-27,36,35.9
SKU0034,2024-11-27,38,38.49
SKU0027,2024-11-27,31,29.25
SKU0021,2024-11-27,29,29.4
SKU0025,2024-11-27,25,28.45
SKU0013,2024-11-27,48,46.95
SKU0031,2024-11-27,25,25.66
SKU0003,2024-11-27,24,24.0
SKU0019,2024-11-27,28,26.36
SKU0029,2024-11-27,26,25.94
SKU0001,2024-11-27,30,31.74
SKU0014,2024-11-27,28,29.34
SKU0036,2024-11-27,24,24.23
SKU0026,2024-11-27,23,23.19
SKU0006,2024-11-27,27,27.61
SKU0020,2024-11-27,32,31.07
SKU0026,2024-11-28,47,45.57
SKU0013,2024-11-28,60,50.46
SKU0021,2024-11-28,55,49.7
SKU0008,2024-11-28,36,29.06
SKU0023,2024-11-28,50,46.41
SKU0001,2024-11-28,47,42.57
SKU0036,2024-11-28,43,40.31
SKU0029,2024-11-28,38,35.64
SKU0034,2024-11-28,56,50.41
SKU0017,2024-11-28,38,32.98
SKU0010,2024-11-28,53,48.5
SKU0012,2024-11-28,44,42.7
SKU0032,2024-11-28,54,47.07
SKU0030,2024-11-28,54,45.98
SKU0022,2024-11-28,40,32.11
SKU0040,2024-11-28,50,48.83
SKU0024,2024-11-28,47,40.52
SKU0020,2024-11-28,47,41.25
SKU0016,2024-11-28,55,47.6
SKU0025,2024-11-28,35,29.24
SKU0027,2024-11-28,41,35.0
SKU0031,2024-11-28,50,47.09
SKU0035,2024-11-28,43,41.33
SKU0004,2024-11-28,45,44.09
SKU0018,2024-11-28,55,50.44
SKU0006,2024-11-28,52,47.71
SKU0003,2024-11-28,46,38.96
SKU0014,2024-11-28,39,31.68
SKU0002,2024-11-28,50,43.08
SKU0009,2024-11-28,33,29.63
SKU0007,2024-11-28,53,48.79
SKU0011,2024-11-28,43,40.41
SKU0037,2024-11-28,58,49.09
SKU0028,2024-11-28,41,35.43
SKU0005,2024-11-28,46,36.95
SKU0033,2024-11-28,42,34.41
SKU0038,2024-11-28,60,50.34
SKU0015,2024-11-28,44,42.38
SKU0039,2024-11-28,51,44.71
SKU0019,2024-11-28,47,42.04
SKU0004,2024-11-29,29,27.83
SKU0010,2024-11-29,30,27.24
SKU0034,2024-11-29,49,49.53
SKU0016,2024-11-29,23,24.22
SKU0012,2024-11-29,24,24.05
SKU0035,2024-11-29,31,28.26
SKU0005,2024-11-29,32,30.93
SKU0036,2024-11-29,22,21.75
SKU0027,2024-11-29,27,28.08
SKU0009,2024-11-29,25,23.24
SKU0039,2024-11-29,43,43.74
SKU0028,2024-11-29,26,26.7
SKU0001,2024-11-29,33,31.95
SKU0037,2024-11-29,27,26.86
SKU0019,2024-11-29,27,26.62
SKU0025,2024-11-29,22,24.23
SKU0014,2024-11-29,29,28.77
SKU0002,2024-11-29,33,29.22
SKU0022,2024-11-29,25,25.3
SKU0011,2024-11-29,24,22.34
SKU0038,2024-11-29,34,30.21
SKU0030,2024-11-29,44,45.17
SKU0007,2024-11-29,34,32.59
SKU0021,2024-11-29,29,26.62
SKU0033,2024-11-29,26,25.48
SKU0023,2024-11-29,27,29.35
SKU0003,2024-11-29,24,25.04
SKU0006,2024-11-29,26,25.27
SKU0017,2024-11-29,28,28.01
SKU0018,2024-11-29,44,38.72
SKU0040,2024-11-29,33,30.46
SKU0015,2024-11-29,27,25.95
SKU0008,2024-11-29,25,24.12
SKU0024,2024-11-29,34,33.25
SKU0020,2024-11-29,36,40.23
SKU0013,2024-11-29,38,33.06
SKU0029,2024-11-29,27,23.49
SKU0032,2024-11-29,34,31.44
SKU0026,2024-11-29,24,23.43
SKU0031,2024-11-29,28,26.07
SKU0024,2024-11-30,42,38.33
SKU0027,2024-11-30,35,31.59
SKU0019,2024-11-30,35,28.47
SKU0015,2024-11-30,36,28.79
SKU0037,2024-11-30,36,27.45
SKU0014,2024-11-30,29,28.49
SKU0016,2024-11-30,35,27.14
SKU0018,2024-11-30,44,41.63
SKU0006,2024-11-30,36,28.9
SKU0007,2024-11-30,38,34.58
SKU0002,2024-11-30,39,31.25
SKU0020,2024-11-30,37,36.61
SKU0033,2024-11-30,47,43.32
SKU0009,2024-11-30,29,26.25
SKU0003,2024-11-30,29,27.11
SKU0004,2024-11-30,39,30.19
SKU0031,2024-11-30,31,29.5
SKU0022,2024-11-30,32,27.76
SKU0030,2024-11-30,50,45.63
SKU0025,2024-11-30,32,28.41
SKU0038,2024-11-30,38,30.7
SKU0012,2024-11-30,30,28.32
SKU0026,2024-11-30,34,26.48
SKU0032,2024-11-30,38,32.62
SKU0008,2024-11-30,30,29.34
SKU0017,2024-11-30,30,29.47
SKU0001,2024-11-30,44,46.19
SKU0005,2024-11-30,40,37.39
SKU0013,2024-11-30,42,36.27
SKU0011,2024-11-30,26,25.57
SKU0010,2024-11-30,36,29.09
SKU0040,2024-11-30,37,33.5
SKU0029,2024-11-30,28,28.19
SKU0023,2024-11-30,33,29.51
SKU0021,2024-11-30,34,27.75
SKU0034,2024-11-30,45,42.88
SKU0039,2024-11-30,41,36.67
SKU0036,2024-11-30,34,28.21
SKU0028,2024-11-30,35,30.06
SKU0035,2024-11-30,37,31.08
SKU0004,2024-12-01,30,31.41
SKU0026,2024-12-01,35,28.58
SKU0011,2024-12-01,28,27.88
SKU0035,2024-12-01,32,33.11
SKU0016,2024-12-01,29,26.87
SKU0025,2024-12-01,30,32.54
SKU0036,2024-12-01,45,47.15
SKU0009,2024-12-01,32,31.37
SKU0038,2024-12-01,47,36.27
SKU0002,2024-12-01,53,49.29
SKU0023,2024-12-01,50,49.01
SKU0010,2024-12-01,34,31.62
SKU0018,2024-12-01,48,42.74
SKU0019,2024-12-01,33,30.03
SKU0013,2024-12-01,45,36.89
SKU0001,2024-12-01,35,35.79
SKU0012,2024-12-01,28,27.84
SKU0015,2024-12-01,32,33.68
SKU0022,2024-12-01,34,33.89
SKU0021,2024-12-01,44,46.43
SKU0005,2024-12-01,40,38.66
SKU0003,2024-12-01,31,27.97
SKU0032,2024-12-01,36,33.35
SKU0007,2024-12-01,37,35.9
SKU0028,2024-12-01,35,34.05
SKU0034,2024-12-01,43,41.82
SKU0029,2024-12-01,38,40.35
SKU0033,2024-12-01,30,30.22
SKU0027,2024-12-01,35,37.13
SKU0039,2024-12-01,38,39.07
SKU0040,2024-12-01,44,47.84
SKU0006,2024-12-01,36,32.45
SKU0037,2024-12-01,36,29.35
SKU0008,2024-12-01,36,36.51
SKU0031,2024-12-01,41,44.61
SKU0020,2024-12-01,37,37.12
SKU0017,2024-12-01,31,31.88
SKU0014,2024-12-01,31,31.37
SKU0024,2024-12-01,43,39.29
SKU0030,2024-12-01,39,38.69
SKU0017,2024-12-02,27,27.82
SKU0038,2024-12-02,39,35.28
SKU0023,2024-12-02,24,24.79
SKU0004,2024-12-02,30,29.34
SKU0009,2024-12-02,23,26.86
SKU0030,2024-12-02,34,36.53
SKU0002,2024-12-02,31,29.28
SKU0015,2024-12-02,27,27.09
SKU0016,2024-12-02,28,24.54
SKU0007,2024-12-02,34,34.18
SKU0021,2024-12-02,31,29.27
SKU0024,2024-12-02,37,36.3
SKU0006,2024-12-02,24,25.99
SKU0031,2024-12-02,27,27.43
SKU0025,2024-12-02,22,23.64
SKU0011,2024-12-02,25,26.18
SKU0010,2024-12-02,36,33.05
SKU0033,2024-12-02,33,27.22
SKU0003,2024-12-02,27,27.23
SKU0027,2024-12-02,38,35.47
SKU0014,2024-12-02,28,28.8
SKU0020,2024-12-02,31,31.54
SKU0018,2024-12-02,39,37.39
SKU0035,2024-12-02,42,37.99
SKU0037,2024-12-02,30,28.88
SKU0036,2024-12-02,25,25.33
SKU0034,2024-12-02,38,37.53
SKU0040,2024-12-02,34,33.46
SKU0013,2024-12-02,32,33.31
SKU0019,2024-12-02,44,40.47
SKU0028,2024-12-02,31,33.25
SKU0022,2024-12-02,31,28.52
SKU0005,2024-12-02,34,34.35
SKU0026,2024-12-02,30,27.07
SKU0012,2024-12-02,17,22.31
SKU0029,2024-12-02,23,24.24
SKU0001,2024-12-02,29,28.51
SKU0032,2024-12-02,32,32.69
SKU0008,2024-12-02,27,26.37
SKU0039,2024-12-02,45,44.05
SKU0024,2024-12-03,31,32.28
SKU0013,2024-12-03,40,38.49
SKU0037,2024-12-03,29,29.82
SKU0012,2024-12-03,27,25.58
SKU0004,2024-12-03,30,29.14
SKU0011,2024-12-03,18,20.83
SKU0020,2024-12-03,29,31.31
SKU0006,2024-12-03,33,28.97
SKU0027,2024-12-03,34,38.11
SKU0039,2024-12-03,33,35.84
SKU0009,2024-12-03,24,24.92
SKU0003,2024-12-03,28,28.58
SKU0014,2024-12-03,27,28.17
SKU0029,2024-12-03,28,27.35
SKU0018,2024-12-03,38,38.67
SKU0032,2024-12-03,33,33.35
SKU0035,2024-12-03,34,33.72
SKU0040,2024-12-03,29,31.42
SKU0034,2024-12-03,37,37.15
SKU0008,2024-12-03,25,26.85
SKU0028,2024-12-03,32,32.3
SKU0025,2024-12-03,26,31.6
SKU0001,2024-12-03,33,30.66
SKU0005,2024-12-03,32,32.57
SKU0019,2024-12-03,29,30.69
SKU0017,2024-12-03,34,32.38
SKU0036,2024-12-03,27,26.79
SKU0026,2024-12-03,24,26.61
SKU0031,2024-12-03,25,26.15
SKU0038,2024-12-03,42,42.99
SKU0016,2024-12-03,31,29.32
SKU0002,2024-12-03,35,30.08
SKU0030,2024-12-03,33,32.54
SKU0015,2024-12-03,23,25.68
SKU0021,2024-12-03,27,27.64
SKU0023,2024-12-03,39,40.5
SKU0033,2024-12-03,41,42.35
SKU0007,2024-12-03,47,43.97
SKU0010,2024-12-03,36,35.9
SKU0022,2024-12-03,22,25.25
SKU0001,2024-12-04,34,33.19
SKU0032,2024-12-04,30,31.37
SKU0020,2024-12-04,31,31.31
SKU0007,2024-12-04,46,45.64
SKU0015,2024-12-04,25,25.93
SKU0029,2024-12-04,27,26.62
SKU0024,2024-12-04,34,34.06
SKU0008,2024-12-04,30,28.13
SKU0030,2024-12-04,27,29.92
SKU0033,2024-12-04,27,29.84
SKU0005,2024-12-04,28,29.49
SKU0031,2024-12-04,26,26.78
SKU0021,2024-12-04,31,29.25
SKU0017,2024-12-04,27,28.72
SKU0012,2024-12-04,19,21.37
SKU0025,2024-12-04,23,25.29
SKU0039,2024-12-04,32,32.58
SKU0004,2024-12-04,28,29.46
SKU0016,2024-12-04,32,29.72
SKU0038,2024-12-04,51,48.59
SKU0023,2024-12-04,31,26.35
SKU0019,2024-12-04,39,38.51
SKU0011,2024-12-04,26,24.07
SKU0010,2024-12-04,31,31.42
SKU0002,2024-12-04,31,28.06
SKU0013,2024-12-04,39,37.34
SKU0022,2024-12-04,30,27.88
SKU0009,2024-12-04,22,24.33
SKU0036,2024-12-04,27,26.62
SKU0026,2024-12-04,27,27.58
SKU0037,2024-12-04,29,29.41
SKU0035,2024-12-04,25,27.38
SKU0040,2024-12-04,26,27.07
SKU0006,2024-12-04,27,29.27
SKU0003,2024-12-04,27,28.63
SKU0034,2024-12-04,40,39.36
SKU0028,2024-12-04,30,31.3
SKU0014,2024-12-04,29,29.04
SKU0027,2024-12-04,26,30.22
SKU0018,2024-12-04,48,43.74
SKU0014,2024-12-05,35,30.23
SKU0013,2024-12-05,40,38.13
SKU0023,2024-12-05,30,27.72
SKU0020,2024-12-05,41,39.53
SKU0015,2024-12-05,31,28.49
SKU0001,2024-12-05,36,32.88
SKU0038,2024-12-05,37,36.26
SKU0022,2024-12-05,33,29.71
SKU0021,2024-12-05,33,30.33
SKU0016,2024-12-05,31,29.39
SKU0035,2024-12-05,34,31.48
SKU0009,2024-12-05,28,24.42
SKU0032,2024-12-05,36,33.1
SKU0011,2024-12-05,30,24.47
SKU0028,2024-12-05,33,31.89
SKU0034,2024-12-05,43,41.97
SKU0018,2024-12-05,42,42.04
SKU0019,2024-12-05,29,31.4
SKU0003,2024-12-05,26,27.66
SKU0017,2024-12-05,33,29.67
SKU0005,2024-12-05,38,33.97
SKU0010,2024-12-05,32,32.21
SKU0031,2024-12-05,32,29.29
SKU0002,2024-12-05,35,31.39
SKU0026,2024-12-05,29,27.96
SKU0027,2024-12-05,31,30.89
SKU0040,2024-12-05,30,30.14
SKU0006,2024-12-05,26,26.35
SKU0036,2024-12-05,30,27.63
SKU0025,2024-12-05,24,23.96
SKU0030,2024-12-05,37,33.22
SKU0039,2024-12-05,36,34.98
SKU0033,2024-12-05,29,29.56
SKU0029,2024-12-05,28,27.21
SKU0004,2024-12-05,36,30.99
SKU0037,2024-12-05,41,38.9
SKU0008,2024-12-05,28,28.19
SKU0012,2024-12-05,29,22.14
SKU0007,2024-12-05,34,34.07
SKU0024,2024-12-05,40,36.99
SKU0029,2024-12-06,25,26.35
SKU0027,2024-12-06,29,29.2
SKU0031,2024-12-06,25,26.35
SKU0008,2024-12-06,40,37.38
SKU0007,2024-12-06,41,39.49
SKU0030,2024-12-06,29,29.86
SKU0014,2024-12-06,28,28.28
SKU0006,2024-12-06,31,30.41
SKU0038,2024-12-06,35,35.63
SKU0015,2024-12-06,29,26.98
SKU0034,2024-12-06,48,44.9
SKU0039,2024-12-06,35,34.51
SKU0021,2024-12-06,35,32.75
SKU0028,2024-12-06,28,29.31
SKU0017,2024-12-06,29,30.57
SKU0022,2024-12-06,27,24.6
SKU0009,2024-12-06,20,21.64
SKU0024,2024-12-06,35,34.58
SKU0035,2024-12-06,48,45.83
SKU0036,2024-12-06,28,28.34
SKU0011,2024-12-06,24,22.45
SKU0037,2024-12-06,30,28.26
SKU0016,2024-12-06,26,28.59
SKU0025,2024-12-06,31,28.95
SKU0012,2024-12-06,24,23.81
SKU0018,2024-12-06,38,38.03
SKU0003,2024-12-06,27,27.13
SKU0004,2024-12-06,30,29.32
SKU0023,2024-12-06,31,32.24
SKU0001,2024-12-06,33,32.73
SKU0010,2024-12-06,32,32.42
SKU0040,2024-12-06,27,28.38
SKU0002,2024-12-06,32,31.66
SKU0026,2024-12-06,24,24.98
SKU0032,2024-12-06,46,40.8
SKU0033,2024-12-06,29,28.37
SKU0020,2024-12-06,35,33.54
SKU0005,2024-12-06,36,33.8
SKU0019,2024-12-06,45,40.79
SKU0013,2024-12-06,47,45.4
SKU0033,2024-12-07,28,27.88
SKU0016,2024-12-07,31,30.81
SKU0007,2024-12-07,38,37.66
SKU0031,2024-12-07,27,26.1
SKU0003,2024-12-07,39,36.55
SKU0030,2024-12-07,34,30.4
SKU0017,2024-12-07,31,29.88
SKU0018,2024-12-07,40,39.85
SKU0004,2024-12-07,39,35.72
SKU0001,2024-12-07,36,34.06
SKU0015,2024-12-07,30,28.13
SKU0006,2024-12-07,33,30.5
SKU0021,2024-12-07,34,33.5
SKU0035,2024-12-07,32,30.2
SKU0005,2024-12-07,41,36.87
SKU0032,2024-12-07,35,34.73
SKU0036,2024-12-07,31,29.34
SKU0020,2024-12-07,33,33.23
SKU0002,2024-12-07,34,32.11
SKU0010,2024-12-07,32,32.05
SKU0026,2024-12-07,29,27.31
SKU0019,2024-12-07,33,34.32
SKU0025,2024-12-07,26,25.66
SKU0040,2024-12-07,31,27.93
SKU0009,2024-12-07,26,22.72
SKU0011,2024-12-07,27,26.23
SKU0027,2024-12-07,28,27.85
SKU0013,2024-12-07,39,38.83
SKU0034,2024-12-07,40,39.7
SKU0014,2024-12-07,30,30.28
SKU0037,2024-12-07,34,30.82
SKU0023,2024-12-07,32,31.29
SKU0029,2024-12-07,25,25.65
SKU0008,2024-12-07,36,35.12
SKU0024,2024-12-07,39,38.12
SKU0012,2024-12-07,27,24.0
SKU0028,2024-12-07,30,29.95
SKU0039,2024-12-07,33,33.13
SKU0038,2024-12-07,35,34.12
SKU0022,2024-12-07,27,29.46
SKU0016,2024-12-08,29,29.4
SKU0001,2024-12-08,28,32.07
SKU0025,2024-12-08,22,25.08
SKU0004,2024-12-08,33,32.36
SKU0036,2024-12-08,21,23.61
SKU0012,2024-12-08,27,27.44
SKU0011,2024-12-08,28,27.74
SKU0013,2024-12-08,37,36.74
SKU0040,2024-12-08,41,39.45
SKU0003,2024-12-08,37,36.69
SKU0023,2024-12-08,30,30.23
SKU0019,2024-12-08,28,27.72
SKU0033,2024-12-08,26,27.79
SKU0037,2024-12-08,28,29.51
SKU0024,2024-12-08,42,42.57
SKU0032,2024-12-08,39,40.8
SKU0007,2024-12-08,31,33.17
SKU0026,2024-12-08,25,25.97
SKU0008,2024-12-08,23,24.06
SKU0028,2024-12-08,31,30.64
SKU0030,2024-12-08,41,37.55
SKU0022,2024-12-08,30,30.89
SKU0017,2024-12-08,34,34.54
SKU0038,2024-12-08,36,34.88
SKU0015,2024-12-08,21,23.86
SKU0006,2024-12-08,29,30.06
SKU0010,2024-12-08,30,32.01
SKU0035,2024-12-08,28,29.5
SKU0014,2024-12-08,23,26.09
SKU0021,2024-12-08,33,32.78
SKU0034,2024-12-08,37,37.77
SKU0020,2024-12-08,35,35.4
SKU0031,2024-12-08,26,28.57
SKU0018,2024-12-08,32,33.95
SKU0009,2024-12-08,23,24.08
SKU0005,2024-12-08,34,35.95
SKU0002,2024-12-08,42,39.33
SKU0029,2024-12-08,27,26.28
SKU0027,2024-12-08,29,30.3
SKU0039,2024-12-08,32,32.99
SKU0019,2024-12-09,26,26.54
SKU0017,2024-12-09,24,26.24
SKU0038,2024-12-09,36,34.21
SKU0018,2024-12-09,33,33.28
SKU0024,2024-12-09,28,29.76
SKU0013,2024-12-09,39,38.2
SKU0039,2024-12-09,32,32.7
SKU0006,2024-12-09,26,28.19
SKU0030,2024-12-09,26,28.56
SKU0012,2024-12-09,26,25.57
SKU0037,2024-12-09,29,28.78
SKU0002,2024-12-09,28,29.1
SKU0007,2024-12-09,33,33.45
SKU0031,2024-12-09,27,25.84
SKU0011,2024-12-09,25,25.25
SKU0029,2024-12-09,26,25.84
SKU0010,2024-12-09,29,29.56
SKU0026,2024-12-09,22,22.97
SKU0008,2024-12-09,22,22.98
SKU0020,2024-12-09,33,32.96
SKU0009,2024-12-09,19,20.43
SKU0034,2024-12-09,37,36.93
SKU0027,2024-12-09,34,32.3
SKU0025,2024-12-09,26,26.66
SKU0023,2024-12-09,32,31.07
SKU0028,2024-12-09,24,25.92
SKU0004,2024-12-09,23,24.83
SKU0040,2024-12-09,29,26.99
SKU0036,2024-12-09,22,23.18
SKU0015,2024-12-09,20,21.64
SKU0021,2024-12-09,25,27.02
SKU0001,2024-12-09,27,27.9
SKU0022,2024-12-09,26,27.36
SKU0035,2024-12-09,26,26.69
SKU0032,2024-12-09,31,31.94
SKU0016,2024-12-09,27,27.01
SKU0033,2024-12-09,32,31.4
SKU0005,2024-12-09,36,35.45
SKU0014,2024-12-09,23,24.3
SKU0003,2024-12-09,24,24.85
SKU0039,2024-12-10,29,30.82
SKU0003,2024-12-10,22,22.63
SKU0032,2024-12-10,40,40.01
SKU0008,2024-12-10,26,25.33
SKU0018,2024-12-10,30,31.28
SKU0007,2024-12-10,27,28.8
SKU0033,2024-12-10,27,27.3
SKU0036,2024-12-10,24,25.03
SKU0002,2024-12-10,26,25.64
SKU0030,2024-12-10,28,28.88
SKU0006,2024-12-10,26,27.56
SKU0004,2024-12-10,41,41.8
SKU0017,2024-12-10,27,27.89
SKU0005,2024-12-10,33,34.35
SKU0031,2024-12-10,23,25.03
SKU0029,2024-12-10,25,26.37
SKU0020,2024-12-10,32,31.99
SKU0009,2024-12-10,25,24.74
SKU0027,2024-12-10,25,27.26
SKU0022,2024-12-10,24,25.92
SKU0023,2024-12-10,25,27.38
SKU0038,2024-12-10,34,33.84
SKU0013,2024-12-10,34,34.84
SKU0028,2024-12-10,32,28.31
SKU0024,2024-12-10,30,30.0
SKU0001,2024-12-10,30,28.69
SKU0040,2024-12-10,29,29.37
SKU0015,2024-12-10,23,22.21
SKU0035,2024-12-10,25,28.65
SKU0014,2024-12-10,27,28.04
SKU0012,2024-12-10,24,25.49
SKU0021,2024-12-10,28,28.29
SKU0019,2024-12-10,32,29.96
SKU0011,2024-12-10,24,26.45
SKU0016,2024-12-10,28,28.49
SKU0025,2024-12-10,20,22.69
SKU0010,2024-12-10,31,30.31
SKU0026,2024-12-10,22,23.47
SKU0034,2024-12-10,38,37.84
SKU0037,2024-12-10,24,26.62
SKU0015,2024-12-11,41,40.06
SKU0003,2024-12-11,41,38.8
SKU0016,2024-12-11,32,28.92
SKU0038,2024-12-11,50,47.52
SKU0004,2024-12-11,48,46.65
SKU0017,2024-12-11,38,36.95
SKU0005,2024-12-11,46,42.03
SKU0013,2024-12-11,49,42.24
SKU0001,2024-12-11,44,41.35
SKU0006,2024-12-11,38,33.0
SKU0002,2024-12-11,47,46.91
SKU0012,2024-12-11,35,33.18
SKU0011,2024-12-11,38,35.31
SKU0007,2024-12-11,44,40.72
SKU0008,2024-12-11,27,25.45
SKU0039,2024-12-11,45,43.93
SKU0009,2024-12-11,29,26.57
SKU0014,2024-12-11,43,41.62
SKU0010,2024-12-11,48,45.43
SKU0020,2024-12-11,34,34.18
SKU0026,2024-12-11,41,38.62
SKU0034,2024-12-11,49,44.71
SKU0033,2024-12-11,42,40.95
SKU0032,2024-12-11,45,44.7
SKU0021,2024-12-11,44,40.85
SKU0019,2024-12-11,44,42.38
SKU0036,2024-12-11,38,35.99
SKU0022,2024-12-11,39,37.9
SKU0031,2024-12-11,39,37.43
SKU0023,2024-12-11,45,42.98
SKU0030,2024-12-11,34,33.94
SKU0024,2024-12-11,41,37.12
SKU0029,2024-12-11,38,36.68
SKU0040,2024-12-11,35,40.61
SKU0018,2024-12-11,54,46.53
SKU0028,2024-12-11,37,33.43
SKU0027,2024-12-11,38,37.01
SKU0037,2024-12-11,45,43.12
SKU0035,2024-12-11,48,46.12
SKU0025,2024-12-11,30,29.89
SKU0009,2024-12-12,39,39.07
SKU0016,2024-12-12,45,41.44
SKU0032,2024-12-12,47,44.6
SKU0033,2024-12-12,39,39.9
SKU0038,2024-12-12,35,35.27
SKU0027,2024-12-12,40,38.41
SKU0021,2024-12-12,46,45.63
SKU0025,2024-12-12,29,28.16
SKU0010,2024-12-12,44,43.42
SKU0036,2024-12-12,44,42.26
SKU0004,2024-12-12,33,27.49
SKU0015,2024-12-12,28,26.74
SKU0003,2024-12-12,42,39.37
SKU0037,2024-12-12,34,29.04
SKU0022,2024-12-12,39,40.54
SKU0026,2024-12-12,40,41.66
SKU0012,2024-12-12,38,35.72
SKU0008,2024-12-12,39,36.62
SKU0039,2024-12-12,37,35.72
SKU0029,2024-12-12,25,28.11
SKU0024,2024-12-12,43,41.14
SKU0007,2024-12-12,46,47.15
SKU0005,2024-12-12,41,37.6
SKU0011,2024-12-12,24,27.15
SKU0013,2024-12-12,48,47.84
SKU0020,2024-12-12,31,32.5
SKU0028,2024-12-12,33,31.4
SKU0006,2024-12-12,42,40.07
SKU0031,2024-12-12,30,30.18
SKU0014,2024-12-12,33,29.1
SKU0030,2024-12-12,47,43.76
SKU0023,2024-12-12,46,48.47
SKU0018,2024-12-12,43,45.28
SKU0040,2024-12-12,31,31.42
SKU0002,2024-12-12,47,43.99
SKU0035,2024-12-12,36,31.05
SKU0034,2024-12-12,41,43.7
SKU0001,2024-12-12,51,48.79
SKU0019,2024-12-12,47,46.97
SKU0017,2024-12-12,36,36.7
SKU0036,2024-12-13,22,23.17
SKU0021,2024-12-13,28,27.76
SKU0032,2024-12-13,31,31.88
SKU0039,2024-12-13,34,32.24
SKU0011,2024-12-13,21,25.88
SKU0028,2024-12-13,26,28.35
SKU0016,2024-12-13,31,27.83
SKU0035,2024-12-13,25,24.18
SKU0004,2024-12-13,26,27.8
SKU0024,2024-12-13,36,35.44
SKU0037,2024-12-13,25,24.15
SKU0015,2024-12-13,35,36.53
SKU0006,2024-12-13,28,27.97
SKU0001,2024-12-13,28,28.2
SKU0031,2024-12-13,21,21.84
SKU0014,2024-12-13,28,36.72
SKU0030,2024-12-13,29,29.38
SKU0013,2024-12-13,45,47.1
SKU0020,2024-12-13,31,31.23
SKU0018,2024-12-13,36,34.13
SKU0022,2024-12-13,27,26.17
SKU0017,2024-12-13,28,28.26
SKU0005,2024-12-13,36,35.19
SKU0029,2024-12-13,20,22.18
SKU0008,2024-12-13,24,24.21
SKU0012,2024-12-13,20,23.2
SKU0007,2024-12-13,31,30.33
SKU0003,2024-12-13,25,23.67
SKU0023,2024-12-13,30,29.3
SKU0002,2024-12-13,31,28.32
SKU0027,2024-12-13,29,28.73
SKU0025,2024-12-13,24,23.91
SKU0040,2024-12-13,27,27.96
SKU0009,2024-12-13,22,22.29
SKU0033,2024-12-13,25,26.11
SKU0010,2024-12-13,27,28.43
SKU0019,2024-12-13,29,28.5
SKU0038,2024-12-13,32,32.23
SKU0026,2024-12-13,22,21.55
SKU0034,2024-12-13,47,47.28
SKU0014,2024-12-14,32,33.25
SKU0023,2024-12-14,33,34.56
SKU0036,2024-12-14,25,27.32
SKU0013,2024-12-14,40,39.41
SKU0004,2024-12-14,33,29.27
SKU0018,2024-12-14,52,49.21
SKU0024,2024-12-14,40,37.78
SKU0027,2024-12-14,29,34.17
SKU0022,2024-12-14,39,39.56
SKU0008,2024-12-14,33,30.83
SKU0010,2024-12-14,39,43.1
SKU0007,2024-12-14,35,35.34
SKU0029,2024-12-14,26,26.52
SKU0015,2024-12-14,33,35.17
SKU0009,2024-12-14,26,26.38
SKU0021,2024-12-14,48,48.68
SKU0012,2024-12-14,32,30.73
SKU0005,2024-12-14,47,40.83
SKU0037,2024-12-14,41,41.28
SKU0034,2024-12-14,50,45.29
SKU0019,2024-12-14,45,47.59
SKU0003,2024-12-14,31,28.28
SKU0006,2024-12-14,38,40.23
SKU0035,2024-12-14,33,31.15
SKU0026,2024-12-14,36,38.03
SKU0016,2024-12-14,33,31.59
SKU0033,2024-12-14,43,46.7
SKU0001,2024-12-14,34,32.74
SKU0020,2024-12-14,32,32.87
SKU0028,2024-12-14,37,38.5
SKU0040,2024-12-14,41,41.41
SKU0025,2024-12-14,28,29.33
SKU0011,2024-12-14,33,37.04
SKU0031,2024-12-14,30,28.24
SKU0017,2024-12-14,30,32.56
SKU0030,2024-12-14,32,31.84
SKU0038,2024-12-14,38,36.36
SKU0032,2024-12-14,36,35.63
SKU0039,2024-12-14,46,45.24
SKU0002,2024-12-14,33,31.0
SKU0029,2024-12-15,37,35.24
SKU0006,2024-12-15,41,41.57
SKU0010,2024-12-15,37,36.24
SKU0023,2024-12-15,49,48.62
SKU0014,2024-12-15,39,38.22
SKU0031,2024-12-15,42,38.45
SKU0013,2024-12-15,44,41.13
SKU0001,2024-12-15,34,31.79
SKU0022,2024-12-15,41,42.05
SKU0007,2024-12-15,50,44.97
SKU0026,2024-12-15,32,27.47
SKU0018,2024-12-15,53,46.68
SKU0030,2024-12-15,49,48.77
SKU0019,2024-12-15,37,33.88
SKU0005,2024-12-15,52,49.62
SKU0021,2024-12-15,48,46.67
SKU0017,2024-12-15,37,37.79
SKU0003,2024-12-15,41,42.52
SKU0035,2024-12-15,35,35.14
SKU0027,2024-12-15,44,43.44
SKU0016,2024-12-15,46,42.97
SKU0020,2024-12-15,42,39.97
SKU0028,2024-12-15,34,33.81
SKU0011,2024-12-15,29,28.0
SKU0025,2024-12-15,36,34.5
SKU0038,2024-12-15,53,48.0
SKU0032,2024-12-15,47,47.83
SKU0039,2024-12-15,52,46.98
SKU0033,2024-12-15,30,30.11
SKU0040,2024-12-15,42,41.02
SKU0036,2024-12-15,41,39.04
SKU0024,2024-12-15,47,43.37
SKU0002,2024-12-15,56,50.17
SKU0004,2024-12-15,37,31.24
SKU0009,2024-12-15,28,27.85
SKU0037,2024-12-15,46,45.23
SKU0015,2024-12-15,39,37.01
SKU0008,2024-12-15,38,39.92
SKU0034,2024-12-15,54,48.36
SKU0012,2024-12-15,42,42.63
SKU0023,2024-12-16,27,28.52
SKU0017,2024-12-16,34,35.92
SKU0010,2024-12-16,27,27.55
SKU0027,2024-12-16,25,25.65
SKU0029,2024-12-16,22,25.65
SKU0035,2024-12-16,31,28.66
SKU0008,2024-12-16,24,23.69
SKU0012,2024-12-16,27,25.39
SKU0028,2024-12-16,37,36.34
SKU0030,2024-12-16,25,26.01
SKU0025,2024-12-16,19,22.17
SKU0007,2024-12-16,34,32.35
SKU0037,2024-12-16,29,28.17
SKU0039,2024-12-16,28,31.05
SKU0013,2024-12-16,34,34.19
SKU0009,2024-12-16,27,26.14
SKU0026,2024-12-16,32,33.62
SKU0018,2024-12-16,35,34.46
SKU0011,2024-12-16,22,24.05
SKU0024,2024-12-16,32,32.69
SKU0014,2024-12-16,27,27.49
SKU0032,2024-12-16,35,33.88
SKU0038,2024-12-16,34,32.09
SKU0040,2024-12-16,29,29.9
SKU0003,2024-12-16,25,24.74
SKU0031,2024-12-16,25,24.28
SKU0016,2024-12-16,28,28.04
SKU0033,2024-12-16,22,23.14
SKU0001,2024-12-16,24,27.03
SKU0022,2024-12-16,23,24.04
SKU0034,2024-12-16,36,35.87
SKU0020,2024-12-16,29,28.97
SKU0004,2024-12-16,26,26.56
SKU0002,2024-12-16,24,26.18
SKU0006,2024-12-16,26,27.31
SKU0015,2024-12-16,28,30.27
SKU0019,2024-12-16,24,24.02
SKU0021,2024-12-16,26,25.96
SKU0005,2024-12-16,41,43.5
SKU0036,2024-12-16,25,23.7
SKU0007,2024-12-17,34,33.11
SKU0028,2024-12-17,35,33.83
SKU0038,2024-12-17,37,33.76
SKU0015,2024-12-17,31,30.43
SKU0001,2024-12-17,32,29.47
SKU0011,2024-12-17,29,28.02
SKU0017,2024-12-17,31,31.46
SKU0032,2024-12-17,34,33.48
SKU0036,2024-12-17,25,24.57
SKU0029,2024-12-17,27,25.61
SKU0027,2024-12-17,28,26.85
SKU0008,2024-12-17,38,35.72
SKU0016,2024-12-17,31,28.02
SKU0003,2024-12-17,26,24.37
SKU0020,2024-12-17,35,33.96
SKU0018,2024-12-17,38,36.21
SKU0025,2024-12-17,26,26.35
SKU0006,2024-12-17,39,39.78
SKU0040,2024-12-17,31,30.89
SKU0019,2024-12-17,33,27.93
SKU0026,2024-12-17,27,28.36
SKU0037,2024-12-17,31,29.43
SKU0004,2024-12-17,31,29.58
SKU0030,2024-12-17,33,30.92
SKU0002,2024-12-17,32,27.23
SKU0022,2024-12-17,28,26.74
SKU0010,2024-12-17,35,32.16
SKU0005,2024-12-17,37,35.71
SKU0013,2024-12-17,47,44.93
SKU0024,2024-12-17,36,35.08
SKU0039,2024-12-17,32,32.31
SKU0031,2024-12-17,25,24.97
SKU0009,2024-12-17,21,25.4
SKU0023,2024-12-17,30,29.91
SKU0035,2024-12-17,29,31.02
SKU0034,2024-12-17,36,34.24
SKU0033,2024-12-17,31,26.71
SKU0012,2024-12-17,26,26.61
SKU0014,2024-12-17,41,37.49
SKU0021,2024-12-17,32,29.26
SKU0034,2024-12-18,37,34.46
SKU0032,2024-12-18,29,29.64
SKU0038,2024-12-18,38,33.99
SKU0011,2024-12-18,20,22.82
SKU0020,2024-12-18,33,32.58
SKU0024,2024-12-18,32,32.21
SKU0027,2024-12-18,31,28.87
SKU0003,2024-12-18,21,22.04
SKU0025,2024-12-18,28,26.38
SKU0033,2024-12-18,27,27.05
SKU0035,2024-12-18,26,28.96
SKU0009,2024-12-18,22,24.49
SKU0010,2024-12-18,28,29.99
SKU0002,2024-12-18,27,25.46
SKU0019,2024-12-18,28,28.63
SKU0026,2024-12-18,24,26.79
SKU0016,2024-12-18,28,26.74
SKU0028,2024-12-18,24,27.64
SKU0018,2024-12-18,35,34.5
SKU0017,2024-12-18,22,25.55
SKU0015,2024-12-18,28,29.28
SKU0030,2024-12-18,24,25.48
SKU0022,2024-12-18,25,24.8
SKU0013,2024-12-18,37,36.67
SKU0014,2024-12-18,26,27.22
SKU0031,2024-12-18,27,25.17
SKU0023,2024-12-18,25,25.73
SKU0005,2024-12-18,31,31.33
SKU0007,2024-12-18,32,31.39
SKU0029,2024-12-18,23,25.23
SKU0040,2024-12-18,26,27.0
SKU0001,2024-12-18,29,30.32
SKU0036,2024-12-18,26,25.55
SKU0004,2024-12-18,25,27.75
SKU0012,2024-12-18,32,40.23
SKU0021,2024-12-18,25,25.43
SKU0006,2024-12-18,24,25.21
SKU0037,2024-12-18,30,28.97
SKU0008,2024-12-18,24,24.36
SKU0039,2024-12-18,31,29.49
SKU0029,2024-12-19,26,23.7
SKU0025,2024-12-19,25,24.72
SKU0007,2024-12-19,49,46.45
SKU0039,2024-12-19,34,31.14
SKU0040,2024-12-19,32,30.7
SKU0005,2024-12-19,36,35.04
SKU0030,2024-12-19,31,27.27
SKU0028,2024-12-19,35,29.61
SKU0031,2024-12-19,31,28.59
SKU0023,2024-12-19,31,27.7
SKU0035,2024-12-19,28,27.86
SKU0019,2024-12-19,32,26.87
SKU0033,2024-12-19,27,27.08
SKU0017,2024-12-19,28,26.91
SKU0002,2024-12-19,32,28.46
SKU0034,2024-12-19,37,37.55
SKU0014,2024-12-19,30,28.99
SKU0010,2024-12-19,28,28.4
SKU0038,2024-12-19,50,46.27
SKU0009,2024-12-19,25,24.5
SKU0015,2024-12-19,32,29.47
SKU0004,2024-12-19,28,27.36
SKU0032,2024-12-19,38,34.25
SKU0011,2024-12-19,25,24.21
SKU0012,2024-12-19,26,27.18
SKU0021,2024-12-19,32,29.81
SKU0016,2024-12-19,31,29.67
SKU0018,2024-12-19,39,38.72
SKU0003,2024-12-19,29,25.04
SKU0020,2024-12-19,41,37.58
SKU0022,2024-12-19,30,28.41
SKU0037,2024-12-19,30,29.61
SKU0024,2024-12-19,40,37.13
SKU0006,2024-12-19,32,28.77
SKU0036,2024-12-19,29,27.76
SKU0001,2024-12-19,35,29.19
SKU0027,2024-12-19,26,26.57
SKU0008,2024-12-19,31,26.58
SKU0026,2024-12-19,30,29.21
SKU0013,2024-12-19,38,36.87
SKU0006,2024-12-20,26,25.96
SKU0030,2024-12-20,31,30.1
SKU0009,2024-12-20,24,22.61
SKU0028,2024-12-20,34,31.13
SKU0002,2024-12-20,32,29.79
SKU0033,2024-12-20,35,33.64
SKU0035,2024-12-20,30,28.35
SKU0005,2024-12-20,33,34.07
SKU0007,2024-12-20,32,31.5
SKU0029,2024-12-20,20,22.68
SKU0039,2024-12-20,33,32.76
SKU0008,2024-12-20,31,28.55
SKU0027,2024-12-20,28,28.13
SKU0036,2024-12-20,24,25.16
SKU0004,2024-12-20,27,28.11
SKU0001,2024-12-20,40,35.95
SKU0003,2024-12-20,23,24.65
SKU0032,2024-12-20,35,34.54
SKU0034,2024-12-20,37,37.27
SKU0031,2024-12-20,27,27.28
SKU0026,2024-12-20,23,25.08
SKU0016,2024-12-20,23,26.27
SKU0010,2024-12-20,31,30.33
SKU0025,2024-12-20,25,25.9
SKU0011,2024-12-20,21,22.15
SKU0018,2024-12-20,39,39.22
SKU0015,2024-12-20,39,37.45
SKU0020,2024-12-20,28,30.86
SKU0012,2024-12-20,21,23.31
SKU0040,2024-12-20,31,29.77
SKU0014,2024-12-20,25,25.76
SKU0022,2024-12-20,25,26.89
SKU0024,2024-12-20,31,33.21
SKU0038,2024-12-20,34,35.46
SKU0019,2024-12-20,31,29.63
SKU0013,2024-12-20,35,36.34
SKU0023,2024-12-20,42,41.13
SKU0037,2024-12-20,29,29.47
SKU0017,2024-12-20,29,28.11
SKU0021,2024-12-20,28,29.39
SKU0031,2024-12-21,40,39.39
SKU0005,2024-12-21,52,47.99
SKU0028,2024-12-21,33,29.56
SKU0014,2024-12-21,30,29.34
SKU0039,2024-12-21,44,41.24
SKU0035,2024-12-21,41,39.13
SKU0024,2024-12-21,39,38.21
SKU0006,2024-12-21,33,29.45
SKU0002,2024-12-21,36,31.2
SKU0001,2024-12-21,31,33.2
SKU0018,2024-12-21,50,45.8
SKU0030,2024-12-21,28,28.85
SKU0029,2024-12-21,34,32.97
SKU0027,2024-12-21,32,31.36
SKU0013,2024-12-21,39,38.87
SKU0023,2024-12-21,37,31.93
SKU0022,2024-12-21,39,37.8
SKU0034,2024-12-21,41,39.8
SKU0017,2024-12-21,40,38.68
SKU0036,2024-12-21,29,28.12
SKU0037,2024-12-21,32,30.95
SKU0033,2024-12-21,34,34.29
SKU0019,2024-12-21,43,40.64
SKU0040,2024-12-21,32,31.77
SKU0038,2024-12-21,49,48.83
SKU0008,2024-12-21,32,29.94
SKU0016,2024-12-21,45,40.66
SKU0020,2024-12-21,41,40.25
SKU0003,2024-12-21,42,40.5
SKU0011,2024-12-21,24,23.5
SKU0009,2024-12-21,36,34.38
SKU0012,2024-12-21,29,28.92
SKU0010,2024-12-21,40,39.2
SKU0032,2024-12-21,36,36.7
SKU0015,2024-12-21,31,32.38
SKU0026,2024-12-21,39,38.8
SKU0021,2024-12-21,31,29.84
SKU0007,2024-12-21,38,37.07
SKU0004,2024-12-21,30,29.18
SKU0025,2024-12-21,29,28.6
SKU0012,2024-12-22,31,27.25
SKU0028,2024-12-22,34,32.77
SKU0017,2024-12-22,31,28.7
SKU0008,2024-12-22,29,29.86
SKU0029,2024-12-22,30,28.23
SKU0018,2024-12-22,42,41.74
SKU0031,2024-12-22,30,29.94
SKU0023,2024-12-22,31,32.19
SKU0002,2024-12-22,32,31.93
SKU0019,2024-12-22,32,32.7
SKU0033,2024-12-22,30,31.67
SKU0038,2024-12-22,42,37.79
SKU0016,2024-12-22,31,27.11
SKU0003,2024-12-22,30,27.66
SKU0032,2024-12-22,40,37.84
SKU0020,2024-12-22,38,37.42
SKU0007,2024-12-22,38,37.82
SKU0015,2024-12-22,30,31.97
SKU0004,2024-12-22,28,28.44
SKU0036,2024-12-22,41,38.31
SKU0034,2024-12-22,39,38.93
SKU0005,2024-12-22,36,32.6
SKU0022,2024-12-22,31,29.52
SKU0006,2024-12-22,29,30.56
SKU0030,2024-12-22,33,31.33
SKU0013,2024-12-22,43,39.88
SKU0021,2024-12-22,31,30.69
SKU0014,2024-12-22,36,30.46
SKU0001,2024-12-22,35,33.8
SKU0035,2024-12-22,42,39.31
SKU0027,2024-12-22,27,27.9
SKU0011,2024-12-22,24,24.27
SKU0040,2024-12-22,35,33.8
SKU0026,2024-12-22,29,26.82
SKU0024,2024-12-22,40,38.31
SKU0039,2024-12-22,38,35.37
SKU0037,2024-12-22,38,31.62
SKU0009,2024-12-22,29,26.24
SKU0010,2024-12-22,32,30.55
SKU0025,2024-12-22,28,26.42
SKU0018,2024-12-23,37,36.74
SKU0021,2024-12-23,24,26.94
SKU0039,2024-12-23,33,32.49
SKU0004,2024-12-23,29,28.02
SKU0024,2024-12-23,35,34.59
SKU0030,2024-12-23,25,26.71
SKU0026,2024-12-23,22,21.6
SKU0040,2024-12-23,31,31.88
SKU0036,2024-12-23,37,38.05
SKU0005,2024-12-23,32,31.08
SKU0007,2024-12-23,34,33.7
SKU0031,2024-12-23,24,25.46
SKU0014,2024-12-23,28,26.99
SKU0035,2024-12-23,28,28.09
SKU0023,2024-12-23,26,29.21
SKU0029,2024-12-23,24,23.92
SKU0022,2024-12-23,28,26.02
SKU0001,2024-12-23,30,31.1
SKU0006,2024-12-23,25,26.94
SKU0027,2024-12-23,23,26.12
SKU0034,2024-12-23,35,34.68
SKU0015,2024-12-23,24,26.34
SKU0013,2024-12-23,44,44.02
SKU0003,2024-12-23,22,22.27
SKU0025,2024-12-23,20,24.39
SKU0008,2024-12-23,31,33.59
SKU0017,2024-12-23,25,25.91
SKU0016,2024-12-23,26,23.83
SKU0009,2024-12-23,21,22.01
SKU0012,2024-12-23,23,24.27
SKU0033,2024-12-23,30,31.21
SKU0038,2024-12-23,36,34.84
SKU0019,2024-12-23,28,28.83
SKU0037,2024-12-23,30,29.38
SKU0032,2024-12-23,32,32.51
SKU0010,2024-12-23,31,31.31
SKU0020,2024-12-23,30,28.59
SKU0011,2024-12-23,20,21.72
SKU0002,2024-12-23,31,30.19
SKU0028,2024-12-23,28,30.79
SKU0033,2024-12-24,45,44.01
SKU0006,2024-12-24,32,30.57
SKU0040,2024-12-24,38,35.62
SKU0001,2024-12-24,45,41.43
SKU0030,2024-12-24,50,43.23
SKU0022,2024-12-24,28,29.01
SKU0002,2024-12-24,51,47.77
SKU0025,2024-12-24,32,33.07
SKU0016,2024-12-24,34,29.11
SKU0031,2024-12-24,44,43.75
SKU0035,2024-12-24,45,43.22
SKU0038,2024-12-24,38,36.55
SKU0015,2024-12-24,32,29.59
SKU0005,2024-12-24,37,33.42
SKU0009,2024-12-24,34,35.96
SKU0034,2024-12-24,53,49.99
SKU0036,2024-12-24,39,38.88
SKU0021,2024-12-24,46,42.61
SKU0003,2024-12-24,31,28.28
SKU0032,2024-12-24,43,41.04
SKU0004,2024-12-24,32,30.4
SKU0010,2024-12-24,40,40.12
SKU0020,2024-12-24,37,36.67
SKU0014,2024-12-24,39,37.19
SKU0026,2024-12-24,30,26.33
SKU0019,2024-12-24,45,46.34
SKU0017,2024-12-24,30,29.48
SKU0012,2024-12-24,36,35.43
SKU0023,2024-12-24,36,32.79
SKU0028,2024-12-24,42,41.13
SKU0011,2024-12-24,39,37.31
SKU0037,2024-12-24,42,38.86
SKU0018,2024-12-24,51,45.82
SKU0007,2024-12-24,45,41.76
SKU0024,2024-12-24,46,43.34
SKU0029,2024-12-24,31,34.35
SKU0039,2024-12-24,52,49.44
SKU0013,2024-12-24,50,46.03
SKU0027,2024-12-24,37,35.7
SKU0008,2024-12-24,43,40.78
SKU0004,2024-12-25,30,29.07
SKU0032,2024-12-25,35,36.02
SKU0021,2024-12-25,31,27.31
SKU0023,2024-12-25,31,29.82
SKU0007,2024-12-25,34,34.91
SKU0028,2024-12-25,33,32.9
SKU0018,2024-12-25,39,39.26
SKU0040,2024-12-25,30,32.2
SKU0012,2024-12-25,24,25.05
SKU0020,2024-12-25,33,33.55
SKU0005,2024-12-25,34,34.43
SKU0016,2024-12-25,26,28.1
SKU0003,2024-12-25,28,27.78
SKU0035,2024-12-25,30,31.84
SKU0014,2024-12-25,26,29.02
SKU0015,2024-12-25,24,26.31
SKU0010,2024-12-25,32,32.88
SKU0026,2024-12-25,29,27.32
SKU0034,2024-12-25,46,48.25
SKU0031,2024-12-25,23,24.59
SKU0013,2024-12-25,38,38.75
SKU0036,2024-12-25,24,28.22
SKU0029,2024-12-25,22,26.39
SKU0025,2024-12-25,23,25.24
SKU0019,2024-12-25,29,27.13
SKU0024,2024-12-25,31,33.74
SKU0017,2024-12-25,26,28.89
SKU0033,2024-12-25,27,26.72
SKU0001,2024-12-25,30,30.7
SKU0037,2024-12-25,32,33.08
SKU0027,2024-12-25,31,28.87
SKU0022,2024-12-25,26,27.47
SKU0038,2024-12-25,35,35.15
SKU0002,2024-12-25,32,29.49
SKU0030,2024-12-25,33,30.62
SKU0008,2024-12-25,26,25.17
SKU0009,2024-12-25,22,24.72
SKU0011,2024-12-25,22,22.67
SKU0039,2024-12-25,33,33.13
SKU0006,2024-12-25,31,29.23
SKU0002,2024-12-26,31,28.18
SKU0039,2024-12-26,29,31.11
SKU0033,2024-12-26,24,24.65
SKU0040,2024-12-26,38,36.74
SKU0025,2024-12-26,24,24.81
SKU0026,2024-12-26,27,25.56
SKU0021,2024-12-26,37,35.6
SKU0004,2024-12-26,30,29.24
SKU0019,2024-12-26,29,26.22
SKU0015,2024-12-26,29,26.14
SKU0016,2024-12-26,30,27.61
SKU0017,2024-12-26,29,27.63
SKU0012,2024-12-26,34,34.49
SKU0020,2024-12-26,27,28.93
SKU0038,2024-12-26,33,33.92
SKU0009,2024-12-26,23,23.46
SKU0028,2024-12-26,33,29.58
SKU0037,2024-12-26,27,27.79
SKU0011,2024-12-26,23,22.49
SKU0007,2024-12-26,35,35.06
SKU0003,2024-12-26,26,27.08
SKU0010,2024-12-26,32,32.35
SKU0032,2024-12-26,33,33.07
SKU0005,2024-12-26,36,34.65
SKU0034,2024-12-26,39,38.02
SKU0029,2024-12-26,31,30.94
SKU0030,2024-12-26,33,29.72
SKU0001,2024-12-26,32,30.77
SKU0031,2024-12-26,29,25.55
SKU0018,2024-12-26,35,35.41
SKU0014,2024-12-26,30,27.57
SKU0035,2024-12-26,30,28.45
SKU0024,2024-12-26,38,35.75
SKU0006,2024-12-26,28,26.93
SKU0036,2024-12-26,24,25.3
SKU0027,2024-12-26,25,24.76
SKU0023,2024-12-26,31,28.68
SKU0008,2024-12-26,29,26.95
SKU0013,2024-12-26,39,38.89
SKU0022,2024-12-26,29,28.12
SKU0003,2024-12-27,26,28.27
SKU0038,2024-12-27,35,34.4
SKU0001,2024-12-27,46,46.98
SKU0011,2024-12-27,23,24.32
SKU0030,2024-12-27,33,30.56
SKU0023,2024-12-27,32,33.17
SKU0024,2024-12-27,36,35.72
SKU0036,2024-12-27,30,27.47
SKU0032,2024-12-27,35,34.52
SKU0028,2024-12-27,28,29.54
SKU0009,2024-12-27,25,23.8
SKU0029,2024-12-27,21,24.93
SKU0019,2024-12-27,29,27.49
SKU0018,2024-12-27,34,33.87
SKU0039,2024-12-27,30,29.92
SKU0006,2024-12-27,32,30.36
SKU0033,2024-12-27,24,23.56
SKU0025,2024-12-27,25,25.7
SKU0002,2024-12-27,31,28.07
SKU0008,2024-12-27,31,28.02
SKU0013,2024-12-27,45,44.49
SKU0022,2024-12-27,31,30.51
SKU0020,2024-12-27,27,28.02
SKU0040,2024-12-27,33,32.98
SKU0034,2024-12-27,48,44.01
SKU0031,2024-12-27,24,24.92
SKU0037,2024-12-27,28,27.41
SKU0010,2024-12-27,31,32.8
SKU0004,2024-12-27,26,27.93
SKU0014,2024-12-27,26,27.19
SKU0012,2024-12-27,23,24.97
SKU0017,2024-12-27,28,28.48
SKU0035,2024-12-27,31,29.59
SKU0015,2024-12-27,24,27.25
SKU0021,2024-12-27,27,28.33
SKU0027,2024-12-27,26,27.14
SKU0026,2024-12-27,29,28.86
SKU0007,2024-12-27,35,35.0
SKU0016,2024-12-27,27,28.85
SKU0005,2024-12-27,47,41.3
SKU0002,2024-12-28,52,46.35
SKU0035,2024-12-28,46,43.69
SKU0025,2024-12-28,40,38.0
SKU0029,2024-12-28,36,34.95
SKU0036,2024-12-28,36,31.33
SKU0013,2024-12-28,52,45.58
SKU0019,2024-12-28,35,32.3
SKU0026,2024-12-28,29,29.15
SKU0031,2024-12-28,30,27.0
SKU0039,2024-12-28,53,47.55
SKU0017,2024-12-28,35,30.4
SKU0007,2024-12-28,41,39.09
SKU0006,2024-12-28,41,40.7
SKU0040,2024-12-28,38,35.96
SKU0018,2024-12-28,44,42.31
SKU0008,2024-12-28,47,45.23
SKU0004,2024-12-28,43,40.14
SKU0009,2024-12-28,30,27.89
SKU0005,2024-12-28,44,38.75
SKU0032,2024-12-28,36,34.94
SKU0034,2024-12-28,51,46.43
SKU0023,2024-12-28,35,34.52
SKU0028,2024-12-28,39,37.6
SKU0027,2024-12-28,44,42.67
SKU0024,2024-12-28,38,37.25
SKU0016,2024-12-28,52,48.22
SKU0033,2024-12-28,45,42.97
SKU0003,2024-12-28,33,30.04
SKU0015,2024-12-28,33,30.06
SKU0021,2024-12-28,37,35.3
SKU0001,2024-12-28,35,34.03
SKU0010,2024-12-28,37,34.54
SKU0012,2024-12-28,34,31.64
SKU0011,2024-12-28,31,26.83
SKU0014,2024-12-28,35,32.09
SKU0038,2024-12-28,52,46.99
SKU0037,2024-12-28,39,38.51
SKU0022,2024-12-28,41,39.5
SKU0020,2024-12-28,43,42.3
SKU0030,2024-12-28,54,49.35
SKU0018,2024-12-29,55,49.06
SKU0017,2024-12-29,43,41.02
SKU0033,2024-12-29,47,41.95
SKU0034,2024-12-29,45,43.5
SKU0001,2024-12-29,48,43.29
SKU0035,2024-12-29,48,45.28
SKU0040,2024-12-29,40,41.67
SKU0016,2024-12-29,49,47.65
SKU0025,2024-12-29,41,40.92
SKU0031,2024-12-29,48,45.81
SKU0028,2024-12-29,51,48.99
SKU0039,2024-12-29,57,49.12
SKU0005,2024-12-29,46,38.08
SKU0014,2024-12-29,43,41.57
SKU0002,2024-12-29,51,45.77
SKU0011,2024-12-29,37,36.78
SKU0021,2024-12-29,36,35.67
SKU0007,2024-12-29,50,42.81
SKU0013,2024-12-29,47,41.06
SKU0027,2024-12-29,47,45.06
SKU0036,2024-12-29,37,33.15
SKU0008,2024-12-29,45,43.46
SKU0006,2024-12-29,48,45.0
SKU0022,2024-12-29,46,46.42
SKU0012,2024-12-29,43,42.22
SKU0015,2024-12-29,48,45.44
SKU0019,2024-12-29,46,44.01
SKU0037,2024-12-29,39,31.93
SKU0009,2024-12-29,39,38.56
SKU0032,2024-12-29,56,49.66
SKU0038,2024-12-29,51,48.2
SKU0004,2024-12-29,38,31.58
SKU0026,2024-12-29,44,42.99
SKU0023,2024-12-29,47,43.96
SKU0010,2024-12-29,46,43.27
SKU0020,2024-12-29,42,41.68
SKU0029,2024-12-29,37,37.37
SKU0024,2024-12-29,44,38.97
SKU0003,2024-12-29,45,40.91
SKU0030,2024-12-29,51,47.86
SKU0012,2024-12-30,25,23.94
SKU0034,2024-12-30,39,38.39
SKU0002,2024-12-30,29,27.61
SKU0039,2024-12-30,33,29.06
SKU0011,2024-12-30,24,23.12
SKU0027,2024-12-30,27,26.37
SKU0017,2024-12-30,26,26.01
SKU0008,2024-12-30,29,28.28
SKU0024,2024-12-30,39,40.74
SKU0010,2024-12-30,28,28.73
SKU0026,2024-12-30,26,25.13
SKU0009,2024-12-30,40,39.3
SKU0028,2024-12-30,32,29.67
SKU0037,2024-12-30,31,29.15
SKU0013,2024-12-30,36,37.1
SKU0023,2024-12-30,33,32.86
SKU0019,2024-12-30,30,28.04
SKU0032,2024-12-30,33,29.82
SKU0038,2024-12-30,46,45.36
SKU0003,2024-12-30,23,23.93
SKU0033,2024-12-30,32,27.19
SKU0020,2024-12-30,32,30.52
SKU0040,2024-12-30,27,29.81
SKU0015,2024-12-30,31,27.93
SKU0016,2024-12-30,44,48.02
SKU0018,2024-12-30,39,37.24
SKU0007,2024-12-30,33,32.93
SKU0004,2024-12-30,28,25.8
SKU0031,2024-12-30,28,26.64
SKU0021,2024-12-30,31,29.74
SKU0014,2024-12-30,33,30.24
SKU0005,2024-12-30,36,36.1
SKU0001,2024-12-30,34,33.59
SKU0025,2024-12-30,23,26.36
SKU0030,2024-12-30,30,29.5
SKU0022,2024-12-30,23,26.1
SKU0006,2024-12-30,26,29.7
SKU0029,2024-12-30,23,23.55
SKU0036,2024-12-30,23,26.0
SKU0035,2024-12-30,46,48.14
SKU0020,2024-12-31,32,32.14
SKU0038,2024-12-31,34,34.95
SKU0016,2024-12-31,28,27.03
SKU0015,2024-12-31,22,23.77
SKU0014,2024-12-31,29,30.36
SKU0013,2024-12-31,45,48.66
SKU0012,2024-12-31,27,26.75
SKU0011,2024-12-31,23,23.21
SKU0010,2024-12-31,36,33.29
SKU0017,2024-12-31,32,30.05
SKU0009,2024-12-31,27,28.82
SKU0007,2024-12-31,34,33.49
SKU0006,2024-12-31,33,31.52
SKU0005,2024-12-31,41,39.58
SKU0004,2024-12-31,32,29.45
SKU0003,2024-12-31,26,24.75
SKU0002,2024-12-31,29,27.34
SKU0001,2024-12-31,34,33.34
SKU0008,2024-12-31,25,25.42
SKU0039,2024-12-31,38,35.42
SKU0018,2024-12-31,32,32.05
SKU0021,2024-12-31,29,29.62
SKU0037,2024-12-31,32,31.1
SKU0036,2024-12-31,24,25.4
SKU0035,2024-12-31,45,44.7
SKU0034,2024-12-31,40,39.66
SKU0033,2024-12-31,21,25.59
SKU0032,2024-12-31,35,30.53
SKU0031,2024-12-31,26,26.22
SKU0019,2024-12-31,28,26.94
SKU0030,2024-12-31,27,25.92
SKU0028,2024-12-31,31,31.44
SKU0027,2024-12-31,30,30.6
SKU0026,2024-12-31,29,25.21
SKU0025,2024-12-31,25,27.73
SKU0024,2024-12-31,37,37.01
SKU0023,2024-12-31,31,31.2
SKU0022,2024-12-31,26,26.13
SKU0029,2024-12-31,23,24.92
SKU0040,2024-12-31,37,38.16
